연도,연차,월일,기준출력 제어량(MWh),증대일,요일,증대시간,입찰량(MWh),낙찰량(MWh),증대량(MWh),제주SMP,증대 이행률
2021,1차년도(2021),04-08,90,2021-04-08,목,12,0.9,0.9,0.371,78.18,41.22%
2021,1차년도(2021),04-08,90,2021-04-08,목,13,0.9,0.9,0.643,75.58,71.44%
2021,1차년도(2021),04-14,90,2021-04-14,수,13,0.75,0.75,0.068,75.5,9.07%
2021,1차년도(2021),04-14,90,2021-04-14,수,14,0.75,0.75,0.123,76.13,16.40%
2021,1차년도(2021),04-30,90,2021-04-30,금,11,1.19,1.19,0.557,76.23,46.81%
2021,1차년도(2021),04-30,90,2021-04-30,금,12,1.19,1.19,0.633,76.22,53.19%
2021,1차년도(2021),04-30,90,2021-04-30,금,13,1.19,1.19,0.487,74.04,40.92%
2021,1차년도(2021),04-30,90,2021-04-30,금,14,1.19,1.19,0.333,75.9,27.98%
2021,1차년도(2021),05-02,81,2021-05-02,일,11,1.13,1.13,0.813,76.16,71.95%
2021,1차년도(2021),05-02,81,2021-05-02,일,12,1.13,1.13,0.713,75.9,63.10%
2021,1차년도(2021),05-02,81,2021-05-02,일,13,1.13,1.13,0.8,75.95,70.80%
2021,1차년도(2021),05-02,81,2021-05-02,일,14,1.13,1.13,0.901,75.87,79.73%
2021,1차년도(2021),05-02,81,2021-05-02,일,15,1.13,1.13,0.638,76.1,56.46%
2021,1차년도(2021),05-05,81,2021-05-05,수,12,0.68,0.68,0.796,75.98,117.06%
2021,1차년도(2021),05-05,81,2021-05-05,수,13,0.68,0.68,0.598,75.35,87.94%
2021,1차년도(2021),05-05,81,2021-05-05,수,14,0.68,0.68,0.535,75.35,78.68%
2021,1차년도(2021),05-05,81,2021-05-05,수,15,0.68,0.68,0.79,75.72,116.18%
2021,1차년도(2021),05-07,81,2021-05-07,금,12,0.48,0.48,0.644,81.13,134.17%
2021,1차년도(2021),05-07,81,2021-05-07,금,13,0.48,0.48,0.78,79.84,162.50%
2021,1차년도(2021),05-08,81,2021-05-08,토,13,0.25,0.25,0.095,65.63,38.00%
2021,1차년도(2021),05-08,81,2021-05-08,토,14,0.25,0.25,0.055,75.34,22.00%
2021,1차년도(2021),05-25,81,2021-05-25,화,11,0.23,0.23,1.064,81.65,462.61%
2021,1차년도(2021),05-25,81,2021-05-25,화,12,0.23,0.23,1.014,81.6,440.87%
2021,1차년도(2021),05-25,81,2021-05-25,화,13,0.23,0.23,1.557,80.27,676.96%
2021,1차년도(2021),05-25,81,2021-05-25,화,14,0.23,0.23,0.958,81.26,416.52%
2021,1차년도(2021),05-28,81,2021-05-28,금,11,0.4,0.4,0.991,82.09,247.75%
2021,1차년도(2021),05-28,81,2021-05-28,금,12,0.35,0.35,1.2,82.09,342.86%
2021,1차년도(2021),05-28,81,2021-05-28,금,13,0.35,0.35,0.854,80.98,244.00%
2021,1차년도(2021),10-03,81,2021-10-03,일,12,4.36,4.36,0.467,106.21,10.71%
2022,2차년도(2022),03-05,70,2022-03-05,토,13,7.77,7.77,0.971,180.98,12.50%
2022,2차년도(2022),03-05,70,2022-03-05,토,14,8.13,8.13,1.082,180.84,13.31%
2022,2차년도(2022),03-05,70,2022-03-05,토,15,7.5,7.5,1.067,184.12,14.23%
2022,2차년도(2022),03-29,70,2022-03-29,화,13,9.2199,9.2199,1.753,192.31,19.01%
2022,2차년도(2022),04-09,70,2022-04-09,토,12,7.4,7.4,1.329,195.88,17.96%
2022,2차년도(2022),04-09,70,2022-04-09,토,13,7.419,7.419,1.272,186.11,17.15%
2022,2차년도(2022),04-09,70,2022-04-09,토,14,7.599,7.599,0.988,189.77,13.00%
2022,2차년도(2022),04-16,70,2022-04-16,토,12,9.05,9.05,1.087,198.55,12.01%
2022,2차년도(2022),04-16,70,2022-04-16,토,13,8.84,8.84,1.1,153.53,12.44%
2022,2차년도(2022),04-16,70,2022-04-16,토,14,9.25,9.25,0.914,197.78,9.88%
2022,2차년도(2022),04-17,70,2022-04-17,일,12,8.04,8.04,1.328,125.47,16.52%
2022,2차년도(2022),04-17,70,2022-04-17,일,13,8.379,8.379,1.018,119,12.15%
2022,2차년도(2022),04-17,70,2022-04-17,일,14,7.91,7.91,1.015,126.35,12.83%
2022,2차년도(2022),04-17,70,2022-04-17,일,15,8.24,8.24,1.498,128.46,18.18%
2022,2차년도(2022),04-19,70,2022-04-19,화,12,7.16,7.16,0.667,189.16,9.32%
2022,2차년도(2022),04-19,70,2022-04-19,화,13,6.8,6.8,0.553,194.56,8.13%
2022,2차년도(2022),04-20,70,2022-04-20,수,12,9.669,9.669,1.879,197.03,19.43%
2022,2차년도(2022),04-20,70,2022-04-20,수,13,8.45,8.45,1.855,185.02,21.95%
2022,2차년도(2022),04-20,70,2022-04-20,수,14,9.96,9.96,2.305,194.79,23.14%
2022,2차년도(2022),04-24,70,2022-04-24,일,12,8.579,8.579,0.738,124.17,8.60%
2022,2차년도(2022),04-24,70,2022-04-24,일,13,7.97,7.97,0.737,119.13,9.25%
2022,2차년도(2022),04-24,70,2022-04-24,일,14,8.41,8.41,0.751,119.18,8.93%
2022,2차년도(2022),04-25,70,2022-04-25,월,12,7.519,7.519,1.109,214.58,14.75%
2022,2차년도(2022),04-25,70,2022-04-25,월,13,7.15,7.15,0.957,214.58,13.38%
2022,2차년도(2022),04-25,70,2022-04-25,월,14,7.44,7.44,1.331,214.58,17.89%
2022,2차년도(2022),04-25,70,2022-04-25,월,15,7.46,7.46,1.297,214.58,17.39%
2022,2차년도(2022),04-28,70,2022-04-28,목,12,10.05,10.05,2.426,179.57,24.14%
2022,2차년도(2022),04-28,70,2022-04-28,목,13,9.549,9.549,2.111,173.84,22.11%
2022,2차년도(2022),04-28,70,2022-04-28,목,14,11.05,11.05,2.242,191.05,20.29%
2022,2차년도(2022),05-01,70,2022-05-01,일,12,9.77,9.77,1.514,112.88,15.50%
2022,2차년도(2022),05-01,70,2022-05-01,일,13,9.41,9.41,1.453,111.71,15.44%
2022,2차년도(2022),05-01,70,2022-05-01,일,14,10.68,10.68,1.447,112.88,13.55%
2022,2차년도(2022),05-02,70,2022-05-02,월,11,12.07,12.07,1.918,147.49,15.89%
2022,2차년도(2022),05-02,70,2022-05-02,월,12,10.53,10.53,1.696,144.94,16.11%
2022,2차년도(2022),05-02,70,2022-05-02,월,13,10.51,10.51,1.832,142.86,17.43%
2022,2차년도(2022),05-02,70,2022-05-02,월,14,11.16,11.16,1.672,146.69,14.98%
2022,2차년도(2022),05-04,70,2022-05-04,수,12,10.39,10.39,1.437,139.18,13.83%
2022,2차년도(2022),05-04,70,2022-05-04,수,13,9.82,9.82,1.948,135.83,19.84%
2022,2차년도(2022),05-04,70,2022-05-04,수,14,10.53,10.53,2.14,139.13,20.32%
2022,2차년도(2022),05-05,70,2022-05-05,목,11,11.6,11.6,2.157,137.37,18.59%
2022,2차년도(2022),05-05,70,2022-05-05,목,12,10.49,10.49,2.245,135.21,21.40%
2022,2차년도(2022),05-05,70,2022-05-05,목,13,10.11,10.11,1.858,121.56,18.38%
2022,2차년도(2022),05-05,70,2022-05-05,목,14,10.24,10.24,2.191,137.08,21.40%
2022,2차년도(2022),05-14,70,2022-05-14,토,11,12.26,12.26,2.851,136.74,23.25%
2022,2차년도(2022),05-14,70,2022-05-14,토,12,11.05,11.05,2.623,134,23.74%
2022,2차년도(2022),05-14,70,2022-05-14,토,13,10.38,10.38,2.002,132.25,19.29%
2022,2차년도(2022),05-14,70,2022-05-14,토,14,11.49,11.49,2.153,135.06,18.74%
2022,2차년도(2022),05-14,70,2022-05-14,토,15,11.46,11.46,2,136.74,17.45%
2022,2차년도(2022),05-21,70,2022-05-21,토,13,10.09,10.09,2.856,132.56,28.31%
2022,2차년도(2022),05-22,70,2022-05-22,일,11,11.09,11.09,1.43,106.84,12.89%
2022,2차년도(2022),05-22,70,2022-05-22,일,12,9.9,9.9,1.169,100.22,11.81%
2022,2차년도(2022),05-22,70,2022-05-22,일,13,9.93,9.93,1.587,99.78,15.98%
2022,2차년도(2022),05-22,70,2022-05-22,일,14,10.3,10.3,1.753,101.2,17.02%
2022,2차년도(2022),05-22,70,2022-05-22,일,15,10.51,10.51,1.925,104.47,18.32%
2022,2차년도(2022),10-18,70,2022-10-18,화,11,10.17,10.17,1.9,272.5,18.68%
2022,2차년도(2022),10-18,70,2022-10-18,화,12,10.69,10.69,1.963,258.38,18.36%
2022,2차년도(2022),10-18,70,2022-10-18,화,13,9.99,9.99,2.12,268.63,21.22%
2022,2차년도(2022),10-18,70,2022-10-18,화,14,10.73,10.73,2.194,273.85,20.45%
2022,2차년도(2022),10-18,70,2022-10-18,화,15,10.57,10.57,2.283,281.28,21.60%
2022,2차년도(2022),10-19,70,2022-10-19,수,11,13.63,13.63,3.6,272.14,26.41%
2022,2차년도(2022),10-19,70,2022-10-19,수,12,13.81,13.81,4.219,265.59,30.55%
2022,2차년도(2022),10-19,70,2022-10-19,수,13,13.13,13.13,3.577,254.54,27.24%
2022,2차년도(2022),10-19,70,2022-10-19,수,14,13.82,13.82,3.17,256.65,22.94%
2022,2차년도(2022),10-20,70,2022-10-20,목,12,14.27,14.27,3.283,258.94,23.01%
2022,2차년도(2022),10-20,70,2022-10-20,목,13,13.72,13.72,3.075,254.65,22.41%
2022,2차년도(2022),10-23,70,2022-10-23,일,10,1.5,1.5,0.118,254.57,7.87%
2022,2차년도(2022),10-23,70,2022-10-23,일,11,1.5,1.5,0.19,231.14,12.67%
2022,2차년도(2022),10-23,70,2022-10-23,일,12,1.5,1.5,0.303,250.52,20.20%
2022,2차년도(2022),10-23,70,2022-10-23,일,13,1.5,1.5,0.277,250.52,18.47%
2022,2차년도(2022),10-23,70,2022-10-23,일,14,1.5,1.5,0.331,227.56,22.07%
2022,2차년도(2022),10-23,70,2022-10-23,일,15,1.5,1.5,0.293,229.23,19.53%
2022,2차년도(2022),10-25,70,2022-10-25,화,12,12.15,12.15,3.17,232.96,26.09%
2022,2차년도(2022),10-25,70,2022-10-25,화,13,12.27,12.27,3.176,255.8,25.88%
2022,2차년도(2022),11-01,70,2022-11-01,화,11,12.97,12.97,2.393,208.61,18.45%
2022,2차년도(2022),11-01,70,2022-11-01,화,12,13.21,13.21,2.285,208.61,17.30%
2022,2차년도(2022),11-01,70,2022-11-01,화,13,12.91,12.91,2.147,212.8,16.63%
2022,2차년도(2022),11-01,70,2022-11-01,화,14,13.54,13.54,2.58,208.61,19.05%
2022,2차년도(2022),11-04,70,2022-11-04,금,11,11.46,11.46,2.178,265.13,19.01%
2022,2차년도(2022),11-04,70,2022-11-04,금,12,12.26,12.26,2.408,251.32,19.64%
2022,2차년도(2022),11-04,70,2022-11-04,금,13,12.21,12.21,1.87,251.32,15.32%
2022,2차년도(2022),11-04,70,2022-11-04,금,14,12.32,12.32,2.078,251.32,16.87%
2022,2차년도(2022),11-05,70,2022-11-05,토,11,10.77,10.77,3.526,254.47,32.74%
2022,2차년도(2022),11-05,70,2022-11-05,토,12,11.09,11.09,3.241,248.61,29.22%
2022,2차년도(2022),11-05,70,2022-11-05,토,13,11.19,11.19,3.115,204.94,27.84%
2023,3차년도(2023),01-07,"당일30, 하루전70",2023-01-07,토,12,11.07,11.07,1.624,275.48,14.67%
2023,3차년도(2023),01-07,"당일30, 하루전70",2023-01-07,토,13,11.01,11.01,1.656,269.33,15.04%
2023,3차년도(2023),01-07,"당일30, 하루전70",2023-01-07,토,14,10.75,10.75,1.575,269.33,14.65%
2023,3차년도(2023),01-07,"당일30, 하루전70",2023-01-07,토,15,10.37,10.37,1.543,251.31,14.88%
2023,3차년도(2023),01-20,"당일30, 하루전70",2023-01-20,금,13,당일 발령,당일 발령,1.43,249.99,당일 발령
2023,3차년도(2023),01-20,"당일30, 하루전70",2023-01-20,금,14,당일 발령,당일 발령,1.338,249.94,당일 발령
2023,3차년도(2023),02-14,"당일30, 하루전70",2023-02-14,화,13,10.96,10.96,1.724,253.48,15.73%
2023,3차년도(2023),02-14,"당일30, 하루전70",2023-02-14,화,14,11.26,11.26,1.909,258.12,16.95%
2023,3차년도(2023),02-19,"당일30, 하루전70",2023-02-19,일,13,당일 발령,당일 발령,2.023,232.94,당일 발령
2023,3차년도(2023),02-19,"당일30, 하루전70",2023-02-19,일,14,당일 발령,당일 발령,2.451,236.5,당일 발령
2023,3차년도(2023),02-20,"당일30, 하루전70",2023-02-20,월,13,당일 발령,당일 발령,2.963,258.65,당일 발령
2023,3차년도(2023),02-20,"당일30, 하루전70",2023-02-20,월,14,당일 발령,당일 발령,2.905,266.82,당일 발령
2023,3차년도(2023),02-20,"당일30, 하루전70",2023-02-20,월,15,당일 발령,당일 발령,1.242,267.84,당일 발령
2023,3차년도(2023),02-21,"당일30, 하루전70",2023-02-21,화,13,당일 발령,당일 발령,3.653,243.72,당일 발령
2023,3차년도(2023),02-21,"당일30, 하루전70",2023-02-21,화,14,당일 발령,당일 발령,3.576,243.71,당일 발령
2023,3차년도(2023),02-24,"당일30, 하루전70",2023-02-24,금,13,10.88,10.88,1.918,246.85,17.63%
2023,3차년도(2023),02-24,"당일30, 하루전70",2023-02-24,금,14,11.65,11.65,1.992,245.09,17.10%
2023,3차년도(2023),02-24,"당일30, 하루전70",2023-02-24,금,15,11.61,11.61,1.582,249.15,13.63%
2023,3차년도(2023),02-25,"당일30, 하루전70",2023-02-25,토,13,13.27,13.27,3.465,251.77,26.11%
2023,3차년도(2023),02-25,"당일30, 하루전70",2023-02-25,토,14,13.58,13.58,3.468,234.56,25.54%
2023,3차년도(2023),02-25,"당일30, 하루전70",2023-02-25,토,15,13.65,13.65,3.971,231.83,29.09%
2023,3차년도(2023),02-25,"당일30, 하루전70",2023-02-25,토,16,13.81,13.81,3.778,233.72,27.36%
2023,3차년도(2023),02-26,"당일30, 하루전70",2023-02-26,일,12,당일 발령,당일 발령,1.094,251.54,당일 발령
2023,3차년도(2023),02-26,"당일30, 하루전70",2023-02-26,일,13,당일 발령,당일 발령,1.059,240.72,당일 발령
2023,3차년도(2023),02-26,"당일30, 하루전70",2023-02-26,일,15,당일 발령,당일 발령,1.178,227.96,당일 발령
2023,3차년도(2023),02-27,"당일30, 하루전70",2023-02-27,월,14,당일 발령,당일 발령,2.805,253.95,당일 발령
2023,3차년도(2023),02-28,"당일30, 하루전70",2023-02-28,화,12,당일 발령,당일 발령,1.214,247,당일 발령
2023,3차년도(2023),02-28,"당일30, 하루전70",2023-02-28,화,13,2.5,2.5,0.934,244.49,37.36%
2023,3차년도(2023),02-28,"당일30, 하루전70",2023-02-28,화,14,2.56,2.56,0.843,244.48,32.93%
2023,3차년도(2023),02-28,"당일30, 하루전70",2023-02-28,화,15,당일 발령,당일 발령,1.182,244.92,당일 발령
2023,3차년도(2023),03-02,"당일30, 하루전70",2023-03-02,목,12,당일 발령,당일 발령,2.113,252.72,당일 발령
2023,3차년도(2023),03-02,"당일30, 하루전70",2023-03-02,목,13,당일 발령,당일 발령,2.294,238.73,당일 발령
2023,3차년도(2023),03-02,"당일30, 하루전70",2023-03-02,목,14,당일 발령,당일 발령,2.5,238.66,당일 발령
2023,3차년도(2023),03-02,"당일30, 하루전70",2023-03-02,목,15,당일 발령,당일 발령,2.171,238.67,당일 발령
2023,3차년도(2023),03-02,"당일30, 하루전70",2023-03-02,목,16,당일 발령,당일 발령,2.449,238.67,당일 발령
2023,3차년도(2023),03-04,"당일30, 하루전70",2023-03-04,토,13,당일 발령,당일 발령,3.26,137.66,당일 발령
2023,3차년도(2023),03-04,"당일30, 하루전70",2023-03-04,토,14,당일 발령,당일 발령,3.093,137.44,당일 발령
2023,3차년도(2023),03-04,"당일30, 하루전70",2023-03-04,토,15,당일 발령,당일 발령,3.182,136.58,당일 발령
2023,3차년도(2023),03-05,"당일30, 하루전70",2023-03-05,일,11,당일 발령,당일 발령,2.539,112.48,당일 발령
2023,3차년도(2023),03-05,"당일30, 하루전70",2023-03-05,일,12,당일 발령,당일 발령,2.586,94.12,당일 발령
2023,3차년도(2023),03-06,"당일30, 하루전70",2023-03-06,월,12,당일 발령,당일 발령,3.685,239.02,당일 발령
2023,3차년도(2023),03-06,"당일30, 하루전70",2023-03-06,월,13,당일 발령,당일 발령,3.53,233.74,당일 발령
2023,3차년도(2023),03-06,"당일30, 하루전70",2023-03-06,월,14,당일 발령,당일 발령,3.731,239,당일 발령
2023,3차년도(2023),03-06,"당일30, 하루전70",2023-03-06,월,15,당일 발령,당일 발령,3.001,238.98,당일 발령
2023,3차년도(2023),03-07,"당일30, 하루전70",2023-03-07,화,13,당일 발령,당일 발령,2.846,236.28,당일 발령
2023,3차년도(2023),03-07,"당일30, 하루전70",2023-03-07,화,14,당일 발령,당일 발령,2.604,238.37,당일 발령
2023,3차년도(2023),03-08,"당일30, 하루전70",2023-03-08,수,13,11.18,11.18,1.486,137.25,13.29%
2023,3차년도(2023),03-08,"당일30, 하루전70",2023-03-08,수,14,당일 발령,당일 발령,3.097,217.5,당일 발령
2023,3차년도(2023),03-10,"당일30, 하루전70",2023-03-10,금,13,당일 발령,당일 발령,2.982,232.64,당일 발령
2023,3차년도(2023),03-10,"당일30, 하루전70",2023-03-10,금,14,당일 발령,당일 발령,3.17,239.03,당일 발령
2023,3차년도(2023),03-11,"당일30, 하루전70",2023-03-11,토,14,당일 발령,당일 발령,2.766,219.09,당일 발령
2023,3차년도(2023),03-13,"당일30, 하루전70",2023-03-13,월,13,당일 발령,당일 발령,3.678,236.12,당일 발령
2023,3차년도(2023),03-13,"당일30, 하루전70",2023-03-13,월,14,당일 발령,당일 발령,3.655,236.12,당일 발령
2023,3차년도(2023),03-13,"당일30, 하루전70",2023-03-13,월,15,당일 발령,당일 발령,3.968,237.12,당일 발령
2023,3차년도(2023),03-14,"당일30, 하루전70",2023-03-14,화,11,당일 발령,당일 발령,2.896,255.77,당일 발령
2023,3차년도(2023),03-14,"당일30, 하루전70",2023-03-14,화,12,당일 발령,당일 발령,3.087,240.62,당일 발령
2023,3차년도(2023),03-14,"당일30, 하루전70",2023-03-14,화,13,당일 발령,당일 발령,3.191,238.91,당일 발령
2023,3차년도(2023),03-14,"당일30, 하루전70",2023-03-14,화,14,0.06,0.06,0,238.91,0.00%
2023,3차년도(2023),03-14,"당일30, 하루전70",2023-03-14,화,15,당일 발령,당일 발령,3.441,238.91,당일 발령
2023,3차년도(2023),03-14,"당일30, 하루전70",2023-03-14,화,16,당일 발령,당일 발령,3.204,237.91,당일 발령
2023,3차년도(2023),03-15,"당일30, 하루전70",2023-03-15,수,11,9.13,9.13,1.639,242.42,17.95%
2023,3차년도(2023),03-15,"당일30, 하루전70",2023-03-15,수,12,9.26,9.26,1.872,240.36,20.22%
2023,3차년도(2023),03-15,"당일30, 하루전70",2023-03-15,수,13,9.52,9.52,2.291,190.43,24.07%
2023,3차년도(2023),03-15,"당일30, 하루전70",2023-03-15,수,14,9.73,9.73,2.576,192.02,26.47%
2023,3차년도(2023),03-16,"당일30, 하루전70",2023-03-16,목,11,10.23,10.23,2.747,239.11,26.85%
2023,3차년도(2023),03-16,"당일30, 하루전70",2023-03-16,목,12,10.68,10.68,2.846,245.79,26.65%
2023,3차년도(2023),03-16,"당일30, 하루전70",2023-03-16,목,13,11.07,11.07,2.813,238.28,25.41%
2023,3차년도(2023),03-16,"당일30, 하루전70",2023-03-16,목,14,11.51,11.51,3.021,238.91,26.25%
2023,3차년도(2023),03-18,"당일30, 하루전70",2023-03-18,토,12,11.49,11.49,3.275,138.31,28.50%
2023,3차년도(2023),03-18,"당일30, 하루전70",2023-03-18,토,13,12.16,12.16,3.062,112.6,25.18%
2023,3차년도(2023),03-18,"당일30, 하루전70",2023-03-18,토,14,12.68,12.68,2.883,126.18,22.74%
2023,3차년도(2023),03-19,"당일30, 하루전70",2023-03-19,일,13,당일 발령,당일 발령,2.455,114.1,당일 발령
2023,3차년도(2023),03-19,"당일30, 하루전70",2023-03-19,일,14,당일 발령,당일 발령,2.528,114.1,당일 발령
2023,3차년도(2023),03-19,"당일30, 하루전70",2023-03-19,일,15,당일 발령,당일 발령,2.463,114.1,당일 발령
2023,3차년도(2023),03-26,"당일30, 하루전70",2023-03-26,일,14,당일 발령,당일 발령,2.546,118.41,당일 발령
2023,3차년도(2023),03-26,"당일30, 하루전70",2023-03-26,일,15,당일 발령,당일 발령,2.702,118.33,당일 발령
2023,3차년도(2023),03-27,"당일30, 하루전70",2023-03-27,월,13,당일 발령,당일 발령,2.874,202.62,당일 발령
2023,3차년도(2023),03-27,"당일30, 하루전70",2023-03-27,월,14,당일 발령,당일 발령,3.244,232.99,당일 발령
2023,3차년도(2023),03-27,"당일30, 하루전70",2023-03-27,월,15,당일 발령,당일 발령,3.26,243.94,당일 발령
2023,3차년도(2023),03-28,"당일30, 하루전70",2023-03-28,화,13,1.5,1.5,0.417,137.9,27.80%
2023,3차년도(2023),03-28,"당일30, 하루전70",2023-03-28,화,14,당일 발령,당일 발령,2.933,153.58,당일 발령
2023,3차년도(2023),03-29,"당일30, 하루전70",2023-03-29,수,13,당일 발령,당일 발령,2.757,196.81,당일 발령
2023,3차년도(2023),04-03,"당일30, 하루전70",2023-04-03,월,11,당일 발령,당일 발령,2.901,174.73,당일 발령
2023,3차년도(2023),04-03,"당일30, 하루전70",2023-04-03,월,12,당일 발령,당일 발령,2.79,170.18,당일 발령
2023,3차년도(2023),04-03,"당일30, 하루전70",2023-04-03,월,13,당일 발령,당일 발령,3.406,158.9,당일 발령
2023,3차년도(2023),04-03,"당일30, 하루전70",2023-04-03,월,14,당일 발령,당일 발령,3.618,169.14,당일 발령
2023,3차년도(2023),04-07,"당일30, 하루전70",2023-04-07,금,12,당일 발령,당일 발령,2.911,176.14,당일 발령
2023,3차년도(2023),04-07,"당일30, 하루전70",2023-04-07,금,13,12.92,12.92,3.229,158.27,24.99%
2023,3차년도(2023),04-07,"당일30, 하루전70",2023-04-07,금,14,12.81,12.81,3.237,158.43,25.27%
2023,3차년도(2023),04-08,"당일30, 하루전70",2023-04-08,토,13,당일 발령,당일 발령,3.679,135.51,당일 발령
2023,3차년도(2023),04-08,"당일30, 하루전70",2023-04-08,토,14,당일 발령,당일 발령,3.485,135.51,당일 발령
2023,3차년도(2023),04-08,"당일30, 하루전70",2023-04-08,토,15,당일 발령,당일 발령,3.359,135.51,당일 발령
2023,3차년도(2023),04-08,"당일30, 하루전70",2023-04-08,토,16,당일 발령,당일 발령,3.46,153.15,당일 발령
2023,3차년도(2023),04-09,"당일30, 하루전70",2023-04-09,일,11,당일 발령,당일 발령,2.833,117.93,당일 발령
2023,3차년도(2023),04-09,"당일30, 하루전70",2023-04-09,일,12,당일 발령,당일 발령,2.765,118.27,당일 발령
2023,3차년도(2023),04-09,"당일30, 하루전70",2023-04-09,일,13,당일 발령,당일 발령,3.267,118.27,당일 발령
2023,3차년도(2023),04-09,"당일30, 하루전70",2023-04-09,일,14,당일 발령,당일 발령,3.172,117.6,당일 발령
2023,3차년도(2023),04-09,"당일30, 하루전70",2023-04-09,일,15,당일 발령,당일 발령,2.951,118.43,당일 발령
2023,3차년도(2023),04-11,"당일30, 하루전70",2023-04-11,화,12,7.08,7.08,1.204,179.57,17.01%
2023,3차년도(2023),04-11,"당일30, 하루전70",2023-04-11,화,13,7.17,7.17,1.138,173.66,15.87%
2023,3차년도(2023),04-12,"당일30, 하루전70",2023-04-12,수,12,10.17,10.17,1.912,178.81,18.80%
2023,3차년도(2023),04-12,"당일30, 하루전70",2023-04-12,수,13,10.25,10.25,1.676,174.9,16.35%
2023,3차년도(2023),04-12,"당일30, 하루전70",2023-04-12,수,14,10.41,10.41,2.321,178.75,22.30%
2023,3차년도(2023),04-13,"당일30, 하루전70",2023-04-13,목,12,8.43,8.43,2.019,166.5,23.95%
2023,3차년도(2023),04-13,"당일30, 하루전70",2023-04-13,목,13,8.88,8.88,1.897,159.51,21.36%
2023,3차년도(2023),04-13,"당일30, 하루전70",2023-04-13,목,14,9.08,9.08,2.109,160.44,23.23%
2023,3차년도(2023),04-16,"당일30, 하루전70",2023-04-16,일,13,당일 발령,당일 발령,3.581,164.61,당일 발령
2023,3차년도(2023),04-16,"당일30, 하루전70",2023-04-16,일,14,당일 발령,당일 발령,3.228,164.61,당일 발령
2023,3차년도(2023),04-16,"당일30, 하루전70",2023-04-16,일,15,당일 발령,당일 발령,3.506,164.61,당일 발령
2023,3차년도(2023),04-17,"당일30, 하루전70",2023-04-17,월,13,당일 발령,당일 발령,3.564,172,당일 발령
2023,3차년도(2023),04-17,"당일30, 하루전70",2023-04-17,월,14,당일 발령,당일 발령,3.385,172.03,당일 발령
2023,3차년도(2023),04-21,"당일30, 하루전70",2023-04-21,금,13,8.46,8.46,2.78,165.95,32.86%
2023,3차년도(2023),04-22,"당일30, 하루전70",2023-04-22,토,11,11.98,11.98,3.043,164.15,25.40%
2023,3차년도(2023),04-22,"당일30, 하루전70",2023-04-22,토,12,12.71,12.71,3.095,163.53,24.35%
2023,3차년도(2023),04-22,"당일30, 하루전70",2023-04-22,토,13,13.25,13.25,3.218,163.53,24.29%
2023,3차년도(2023),04-22,"당일30, 하루전70",2023-04-22,토,14,12.81,12.81,3.302,163.53,25.78%
2023,3차년도(2023),04-26,"당일30, 하루전70",2023-04-26,수,12,10.61,10.61,2.413,160.43,22.74%
2023,3차년도(2023),04-26,"당일30, 하루전70",2023-04-26,수,13,10.8,10.8,2.484,129.32,23.00%
2023,3차년도(2023),04-26,"당일30, 하루전70",2023-04-26,수,14,11.07,11.07,2.386,160.94,21.55%
2023,3차년도(2023),04-27,"당일30, 하루전70",2023-04-27,목,12,10.51,10.51,2.441,173.74,23.23%
2023,3차년도(2023),04-27,"당일30, 하루전70",2023-04-27,목,13,10.77,10.77,2.294,165.53,21.30%
2023,3차년도(2023),04-27,"당일30, 하루전70",2023-04-27,목,14,11.28,11.28,2.357,170.57,20.90%
2023,3차년도(2023),04-30,"당일30, 하루전70",2023-04-30,일,11,당일 발령,당일 발령,2.763,106.31,당일 발령
2023,3차년도(2023),04-30,"당일30, 하루전70",2023-04-30,일,12,당일 발령,당일 발령,2.878,117.3,당일 발령
2023,3차년도(2023),04-30,"당일30, 하루전70",2023-04-30,일,13,당일 발령,당일 발령,2.911,117.25,당일 발령
2023,3차년도(2023),04-30,"당일30, 하루전70",2023-04-30,일,14,당일 발령,당일 발령,3.293,118.51,당일 발령
2023,3차년도(2023),05-01,"당일30, 하루전70",2023-05-01,월,12,당일 발령,당일 발령,3.059,114.9,당일 발령
2023,3차년도(2023),05-01,"당일30, 하루전70",2023-05-01,월,13,당일 발령,당일 발령,2.527,112.3,당일 발령
2023,3차년도(2023),05-01,"당일30, 하루전70",2023-05-01,월,14,당일 발령,당일 발령,2.843,114.9,당일 발령
2023,3차년도(2023),05-01,"당일30, 하루전70",2023-05-01,월,15,당일 발령,당일 발령,2.816,116.52,당일 발령
2023,3차년도(2023),05-02,"당일30, 하루전70",2023-05-02,화,12,당일 발령,당일 발령,2.741,115.06,당일 발령
2023,3차년도(2023),05-02,"당일30, 하루전70",2023-05-02,화,13,당일 발령,당일 발령,2.217,109.87,당일 발령
2023,3차년도(2023),05-02,"당일30, 하루전70",2023-05-02,화,14,당일 발령,당일 발령,2.788,122.44,당일 발령
2023,3차년도(2023),05-08,"당일30, 하루전70",2023-05-08,월,12,당일 발령,당일 발령,3.684,149.16,당일 발령
2023,3차년도(2023),05-08,"당일30, 하루전70",2023-05-08,월,13,당일 발령,당일 발령,3.749,145.59,당일 발령
2023,3차년도(2023),05-08,"당일30, 하루전70",2023-05-08,월,14,당일 발령,당일 발령,3.345,149.16,당일 발령
2023,3차년도(2023),05-08,"당일30, 하루전70",2023-05-08,월,15,당일 발령,당일 발령,3.876,149.16,당일 발령
2023,3차년도(2023),05-09,"당일30, 하루전70",2023-05-09,화,12,10.19,10.19,1.59,164.69,15.60%
2023,3차년도(2023),05-09,"당일30, 하루전70",2023-05-09,화,13,9.82,9.82,1.975,149.15,20.11%
2023,3차년도(2023),05-09,"당일30, 하루전70",2023-05-09,화,14,10.13,10.13,1.979,166.72,19.54%
2023,3차년도(2023),05-10,"당일30, 하루전70",2023-05-10,수,11,당일 발령,당일 발령,3.06,148.99,당일 발령
2023,3차년도(2023),05-10,"당일30, 하루전70",2023-05-10,수,12,11.59,11.59,2.603,148.99,22.46%
2023,3차년도(2023),05-10,"당일30, 하루전70",2023-05-10,수,13,11.29,11.29,2.201,159.79,19.50%
2023,3차년도(2023),05-10,"당일30, 하루전70",2023-05-10,수,14,당일 발령,당일 발령,3.077,160.01,당일 발령
2023,3차년도(2023),05-14,"당일30, 하루전70",2023-05-14,일,12,당일 발령,당일 발령,2.69,108.67,당일 발령
2023,3차년도(2023),05-14,"당일30, 하루전70",2023-05-14,일,13,당일 발령,당일 발령,2.824,127.13,당일 발령
2023,3차년도(2023),05-14,"당일30, 하루전70",2023-05-14,일,14,당일 발령,당일 발령,3.004,127.26,당일 발령
2023,3차년도(2023),05-16,"당일30, 하루전70",2023-05-16,화,12,7.76,7.76,1.818,150.18,23.43%
2023,3차년도(2023),05-16,"당일30, 하루전70",2023-05-16,화,13,8.07,8.07,2.072,145.98,25.68%
2023,3차년도(2023),05-17,"당일30, 하루전70",2023-05-17,수,12,9.81,9.81,3.684,160.94,37.55%
2023,3차년도(2023),05-17,"당일30, 하루전70",2023-05-17,수,13,9.89,9.89,4.195,121.8,42.42%
2023,3차년도(2023),05-20,"당일30, 하루전70",2023-05-20,토,12,당일 발령,당일 발령,4.524,121.73,당일 발령
2023,3차년도(2023),05-20,"당일30, 하루전70",2023-05-20,토,13,당일 발령,당일 발령,4.223,121.73,당일 발령
2023,3차년도(2023),05-21,"당일30, 하루전70",2023-05-21,일,12,당일 발령,당일 발령,2.876,109.31,당일 발령
2023,3차년도(2023),05-21,"당일30, 하루전70",2023-05-21,일,13,당일 발령,당일 발령,3.22,109.31,당일 발령
2023,3차년도(2023),05-21,"당일30, 하루전70",2023-05-21,일,14,당일 발령,당일 발령,3.358,123.76,당일 발령
2023,3차년도(2023),05-23,"당일30, 하루전70",2023-05-23,화,13,11.46,11.46,2.666,161.87,23.26%
2023,3차년도(2023),06-03,"당일30, 하루전70",2023-06-03,토,12,당일 발령,당일 발령,4.414,168.93,당일 발령
2023,3차년도(2023),06-03,"당일30, 하루전70",2023-06-03,토,13,당일 발령,당일 발령,4.774,152.33,당일 발령
