date,hour,kind,mwh
2021-01-13,13,wind,12.0
2021-01-13,14,wind,28.0
2021-01-13,15,wind,25.0
2021-01-16,13,wind,4.0
2021-01-16,14,wind,18.0
2021-01-18,14,wind,21.0
2021-01-18,15,wind,25.0
2021-01-19,13,wind,13.0
2021-01-19,14,wind,22.0
2021-01-19,15,wind,1.0
2021-01-24,12,wind,3.0
2021-01-24,13,wind,31.0
2021-01-24,14,wind,43.0
2021-01-24,15,wind,18.0
2021-01-24,16,wind,3.0
2021-01-27,14,wind,4.0
2021-01-27,15,wind,4.0
2021-01-28,11,wind,3.0
2021-01-28,12,wind,41.0
2021-01-28,13,wind,32.0
2021-01-29,14,wind,45.0
2021-01-29,15,wind,26.0
2021-02-02,12,wind,29.0
2021-02-02,13,wind,63.0
2021-02-02,14,wind,78.0
2021-02-02,15,wind,33.0
2021-02-04,12,wind,3.0
2021-02-04,13,wind,33.0
2021-02-04,14,wind,33.0
2021-02-04,15,wind,13.0
2021-02-08,11,wind,7.0
2021-02-08,12,wind,87.0
2021-02-08,13,wind,143.0
2021-02-08,14,wind,149.0
2021-02-08,15,wind,149.0
2021-02-08,16,wind,92.0
2021-02-08,17,wind,20.0
2021-02-09,12,wind,1.0
2021-02-09,13,wind,16.0
2021-02-09,14,wind,25.0
2021-02-09,15,wind,24.0
2021-02-09,16,wind,3.0
2021-02-13,14,wind,1.0
2021-02-13,15,wind,6.0
2021-02-13,16,wind,1.0
2021-02-15,14,wind,4.0
2021-02-15,15,wind,28.0
2021-02-15,16,wind,13.0
2021-02-20,12,wind,40.0
2021-02-20,13,wind,73.0
2021-02-20,14,wind,88.0
2021-02-20,15,wind,75.0
2021-02-20,16,wind,9.0
2021-02-21,11,wind,22.0
2021-02-21,12,wind,56.0
2021-02-21,13,wind,59.0
2021-02-21,14,wind,59.0
2021-02-21,15,wind,59.0
2021-02-21,16,wind,36.0
2021-02-21,17,wind,4.0
2021-02-22,12,wind,14.0
2021-02-22,13,wind,44.0
2021-02-22,14,wind,40.0
2021-02-22,15,wind,1.0
2021-02-23,10,wind,2.0
2021-02-23,11,wind,33.0
2021-02-23,12,wind,62.0
2021-02-23,13,wind,93.0
2021-02-23,14,wind,93.0
2021-02-23,15,wind,43.0
2021-03-02,12,wind,29.0
2021-03-02,13,wind,73.0
2021-03-02,14,wind,68.0
2021-03-02,15,wind,54.0
2021-03-02,16,wind,25.0
2021-03-14,11,wind,3.0
2021-03-14,12,wind,26.0
2021-03-14,13,wind,26.0
2021-03-14,14,wind,26.0
2021-03-14,15,wind,25.0
2021-03-15,13,wind,13.0
2021-03-15,14,wind,18.0
2021-03-16,13,wind,30.0
2021-03-16,14,wind,59.0
2021-03-16,15,wind,4.0
2021-03-16,16,wind,11.0
2021-03-17,13,wind,13.0
2021-03-17,14,wind,3.0
2021-03-21,10,wind,58.0
2021-03-21,11,wind,115.0
2021-03-21,12,wind,150.0
2021-03-21,13,wind,156.0
2021-03-21,14,wind,146.0
2021-03-21,15,wind,145.0
2021-03-21,16,wind,80.0
2021-03-21,17,wind,7.0
2021-03-22,11,wind,39.0
2021-03-22,12,wind,101.0
2021-03-22,13,wind,136.0
2021-03-22,14,wind,138.0
2021-03-22,15,wind,105.0
2021-03-22,16,wind,66.0
2021-03-22,17,wind,4.0
2021-03-23,13,wind,3.0
2021-03-23,14,wind,10.0
2021-03-23,15,wind,1.0
2021-03-26,13,wind,3.0
2021-03-26,14,wind,4.0
2021-03-28,13,wind,14.0
2021-03-28,14,wind,34.0
2021-03-28,15,wind,17.0
2021-03-30,11,wind,3.0
2021-03-30,12,wind,28.0
2021-03-30,13,wind,27.0
2021-03-30,14,wind,27.0
2021-03-30,15,wind,18.0
2021-04-04,13,wind,6.0
2021-04-04,14,wind,31.0
2021-04-04,15,wind,8.0
2021-04-05,12,wind,33.0
2021-04-05,13,wind,67.0
2021-04-05,14,wind,67.0
2021-04-05,15,wind,56.0
2021-04-05,16,wind,15.0
2021-04-06,12,wind,9.0
2021-04-06,13,wind,20.0
2021-04-06,14,wind,20.0
2021-04-06,15,wind,9.0
2021-04-07,11,wind,2.0
2021-04-07,12,wind,5.0
2021-04-07,13,wind,7.0
2021-04-07,14,wind,2.0
2021-04-08,12,wind,25.0
2021-04-08,13,wind,72.0
2021-04-08,14,wind,75.0
2021-04-08,15,wind,73.0
2021-04-08,16,wind,42.0
2021-04-08,17,wind,7.0
2021-04-10,11,wind,27.0
2021-04-10,12,wind,62.0
2021-04-10,13,wind,59.0
2021-04-10,14,wind,36.0
2021-04-10,15,wind,51.0
2021-04-10,16,wind,18.0
2021-04-11,11,wind,37.0
2021-04-11,12,wind,56.0
2021-04-11,13,wind,56.0
2021-04-11,14,wind,57.0
2021-04-11,15,wind,57.0
2021-04-11,16,wind,38.0
2021-04-13,13,wind,3.0
2021-04-13,14,wind,27.0
2021-04-13,15,wind,4.0
2021-04-14,11,wind,2.0
2021-04-14,12,wind,94.0
2021-04-14,13,wind,114.0
2021-04-14,14,wind,95.0
2021-04-14,15,wind,45.0
2021-04-17,11,wind,32.0
2021-04-17,12,wind,141.0
2021-04-17,13,wind,149.0
2021-04-17,14,wind,149.0
2021-04-17,15,wind,108.0
2021-04-17,16,wind,77.0
2021-04-17,17,wind,26.0
2021-04-18,9,wind,14.0
2021-04-18,10,wind,92.0
2021-04-18,11,wind,144.0
2021-04-18,12,wind,162.0
2021-04-18,13,wind,162.0
2021-04-18,14,wind,162.0
2021-04-18,15,wind,149.0
2021-04-18,16,wind,91.0
2021-04-18,17,wind,3.0
2021-04-19,13,wind,5.0
2021-04-19,14,wind,12.0
2021-04-23,12,wind,26.0
2021-04-23,13,wind,92.0
2021-04-23,14,wind,42.0
2021-04-25,12,wind,10.0
2021-04-25,13,wind,43.0
2021-04-25,14,wind,43.0
2021-04-25,15,wind,12.0
2021-04-26,13,wind,16.0
2021-04-26,14,wind,14.0
2021-04-26,15,wind,1.0
2021-04-30,12,wind,6.0
2021-04-30,13,wind,19.0
2021-04-30,14,wind,1.0
2021-05-01,11,wind,3.0
2021-05-01,12,wind,70.0
2021-05-01,13,wind,133.0
2021-05-01,14,wind,108.0
2021-05-01,15,wind,36.0
2021-05-01,16,wind,50.0
2021-05-01,17,wind,30.0
2021-05-02,9,wind,32.0
2021-05-02,10,wind,76.0
2021-05-02,11,wind,151.0
2021-05-02,12,wind,159.0
2021-05-02,13,wind,158.0
2021-05-02,14,wind,154.0
2021-05-02,15,wind,154.0
2021-05-02,16,wind,100.0
2021-05-02,17,wind,14.0
2021-05-05,10,wind,8.0
2021-05-05,11,wind,37.0
2021-05-05,12,wind,71.0
2021-05-05,13,wind,81.0
2021-05-05,14,wind,81.0
2021-05-05,15,wind,72.0
2021-05-05,16,wind,14.0
2021-05-08,14,wind,5.0
2021-05-08,16,wind,3.0
2021-05-12,13,wind,3.0
2021-05-12,14,wind,15.0
2021-05-12,15,wind,1.0
2021-05-21,10,wind,17.0
2021-05-21,11,wind,36.0
2021-05-21,12,wind,6.0
2021-05-25,12,wind,16.0
2021-05-25,13,wind,68.0
2021-05-25,14,wind,95.0
2021-05-25,15,wind,49.0
2021-05-27,14,wind,12.0
2021-05-27,15,wind,28.0
2021-05-30,13,wind,1.0
2021-05-30,14,wind,10.0
2021-05-30,15,wind,3.0
2021-10-03,12,wind,12.0
2021-10-03,13,wind,14.0
2021-10-17,8,wind,2.0
2021-10-17,9,wind,72.0
2021-10-17,10,wind,137.0
2021-10-17,11,wind,149.0
2021-10-17,12,wind,149.0
2021-10-17,12,solar,0.0
2021-10-17,13,wind,149.0
2021-10-17,13,solar,0.0
2021-10-17,14,wind,149.0
2021-10-17,14,solar,0.0
2021-10-17,15,wind,136.0
2021-10-17,16,wind,49.0
2021-10-17,17,wind,2.0
2021-10-19,11,wind,29.0
2021-10-19,12,wind,69.0
2021-10-19,13,wind,77.0
2021-10-19,14,wind,33.0
2021-10-19,15,wind,13.0
2021-10-21,13,wind,29.0
2021-10-21,14,wind,5.0
2021-10-22,12,wind,9.0
2021-10-22,13,wind,61.0
2021-10-22,14,wind,48.0
2021-10-22,15,wind,17.0
2021-10-23,12,wind,12.0
2021-10-23,13,wind,16.0
2021-10-23,14,wind,16.0
2021-10-23,15,wind,6.0
2021-10-23,16,wind,1.0
2021-10-31,11,wind,3.0
2021-10-31,12,wind,9.0
2021-10-31,13,wind,17.0
2021-10-31,14,wind,8.0
2021-11-03,12,wind,13.0
2021-11-03,13,wind,49.0
2021-11-03,14,wind,10.0
2021-12-03,12,wind,7.0
2021-12-03,13,wind,36.0
2021-12-03,14,wind,28.0
2021-12-03,15,wind,1.0
2022-01-16,13,wind,11.0
2022-01-16,14,wind,56.0
2022-01-16,15,wind,56.0
2022-01-16,16,wind,9.0
2022-01-28,12,wind,24.0
2022-01-28,13,wind,61.0
2022-01-28,14,wind,62.0
2022-01-28,15,wind,18.0
2022-01-29,14,wind,6.0
2022-01-29,15,wind,6.0
2022-01-30,11,wind,1.0
2022-01-30,12,wind,2.0
2022-01-30,14,wind,33.0
2022-01-30,15,wind,1.0
2022-01-31,12,wind,11.0
2022-01-31,13,wind,61.0
2022-01-31,14,wind,75.0
2022-01-31,15,wind,18.0
2022-02-01,13,wind,22.0
2022-02-01,14,wind,33.0
2022-02-01,15,wind,32.0
2022-02-01,16,wind,6.0
2022-02-03,13,wind,62.0
2022-02-03,14,wind,18.0
2022-02-10,13,wind,35.0
2022-02-10,14,wind,3.0
2022-02-15,11,wind,2.0
2022-02-15,12,wind,60.0
2022-02-15,13,wind,57.0
2022-02-15,14,wind,63.0
2022-02-23,14,wind,17.0
2022-02-23,15,wind,7.0
2022-02-27,12,wind,12.0
2022-02-27,13,wind,41.0
2022-02-27,14,wind,41.0
2022-02-27,15,wind,38.0
2022-02-27,16,wind,5.0
2022-03-02,13,wind,23.0
2022-03-02,14,wind,36.0
2022-03-02,15,wind,36.0
2022-03-02,16,wind,14.0
2022-03-04,13,wind,1.0
2022-03-04,14,wind,2.0
2022-03-05,11,wind,27.0
2022-03-05,12,wind,102.0
2022-03-05,13,wind,148.0
2022-03-05,14,wind,166.0
2022-03-05,15,wind,132.0
2022-03-05,16,wind,68.0
2022-03-05,17,wind,7.0
2022-03-06,10,wind,62.0
2022-03-06,11,wind,134.0
2022-03-06,12,wind,134.0
2022-03-06,13,wind,130.0
2022-03-06,13,solar,0.0
2022-03-06,14,wind,130.0
2022-03-06,14,solar,0.0
2022-03-06,15,wind,120.0
2022-03-06,15,solar,0.0
2022-03-06,16,wind,49.0
2022-03-06,16,solar,0.0
2022-03-09,13,wind,9.0
2022-03-09,14,wind,13.0
2022-03-10,13,wind,8.0
2022-03-10,14,wind,16.0
2022-03-12,11,wind,5.0
2022-03-12,12,wind,66.0
2022-03-12,13,wind,98.0
2022-03-12,14,wind,99.0
2022-03-12,15,wind,72.0
2022-03-12,16,wind,20.0
2022-03-26,13,wind,15.0
2022-03-26,14,wind,22.0
2022-03-27,11,wind,73.0
2022-03-27,11,solar,0.0
2022-03-27,12,wind,80.0
2022-03-27,12,solar,0.0
2022-03-27,13,wind,80.0
2022-03-27,13,solar,0.0
2022-03-27,14,wind,80.0
2022-03-27,14,solar,0.0
2022-03-27,15,wind,80.0
2022-03-27,15,solar,0.0
2022-03-27,16,wind,56.0
2022-03-27,16,solar,0.0
2022-03-27,17,wind,10.0
2022-03-29,13,wind,6.0
2022-03-29,14,wind,7.0
2022-03-29,15,wind,3.0
2022-04-03,11,wind,4.0
2022-04-03,12,wind,25.0
2022-04-03,13,wind,27.0
2022-04-03,14,wind,27.0
2022-04-03,15,wind,19.0
2022-04-07,12,wind,1.0
2022-04-07,13,wind,37.0
2022-04-07,14,wind,37.0
2022-04-07,15,wind,5.0
2022-04-08,12,solar,0.0
2022-04-08,13,solar,0.0
2022-04-08,14,solar,0.0
2022-04-09,10,wind,17.0
2022-04-09,11,wind,46.0
2022-04-09,11,solar,0.0
2022-04-09,12,wind,46.0
2022-04-09,12,solar,0.0
2022-04-09,13,wind,46.0
2022-04-09,13,solar,0.0
2022-04-09,14,wind,46.0
2022-04-09,14,solar,0.0
2022-04-09,15,wind,46.0
2022-04-09,15,solar,0.0
2022-04-09,16,wind,46.0
2022-04-09,16,solar,0.0
2022-04-09,17,wind,13.0
2022-04-10,9,wind,26.0
2022-04-10,10,wind,78.0
2022-04-10,11,wind,84.0
2022-04-10,12,wind,98.0
2022-04-10,12,solar,0.0
2022-04-10,13,wind,98.0
2022-04-10,13,solar,0.0
2022-04-10,14,wind,98.0
2022-04-10,14,solar,0.0
2022-04-10,15,wind,96.0
2022-04-10,15,solar,0.0
2022-04-10,16,wind,22.0
2022-04-12,12,wind,4.0
2022-04-12,13,wind,15.0
2022-04-12,14,wind,2.0
2022-04-15,12,wind,39.0
2022-04-15,13,wind,83.0
2022-04-15,13,solar,0.0
2022-04-15,14,wind,83.0
2022-04-15,14,solar,0.0
2022-04-15,15,wind,70.0
2022-04-15,15,solar,0.0
2022-04-15,16,wind,26.0
2022-04-16,11,wind,21.0
2022-04-16,11,solar,0.0
2022-04-16,12,wind,22.0
2022-04-16,12,solar,0.0
2022-04-16,13,wind,22.0
2022-04-16,13,solar,0.0
2022-04-16,14,wind,22.0
2022-04-16,14,solar,0.0
2022-04-16,15,wind,22.0
2022-04-16,15,solar,0.0
2022-04-16,16,wind,9.0
2022-04-16,16,solar,0.0
2022-04-17,9,wind,12.0
2022-04-17,10,wind,59.0
2022-04-17,10,solar,0.0
2022-04-17,11,wind,62.0
2022-04-17,11,solar,0.0
2022-04-17,12,wind,62.0
2022-04-17,12,solar,0.0
2022-04-17,13,wind,62.0
2022-04-17,13,solar,0.0
2022-04-17,14,wind,62.0
2022-04-17,14,solar,0.0
2022-04-17,15,wind,62.0
2022-04-17,15,solar,0.0
2022-04-17,16,wind,49.0
2022-04-17,16,solar,0.0
2022-04-17,17,wind,6.0
2022-04-17,17,solar,0.0
2022-04-19,11,wind,2.0
2022-04-19,12,wind,10.0
2022-04-19,12,solar,0.0
2022-04-19,13,wind,10.0
2022-04-19,13,solar,0.0
2022-04-19,14,wind,10.0
2022-04-19,14,solar,0.0
2022-04-19,15,wind,8.0
2022-04-19,15,solar,0.0
2022-04-20,12,wind,2.0
2022-04-20,12,solar,0.0
2022-04-20,13,wind,3.0
2022-04-20,13,solar,0.0
2022-04-20,14,wind,3.0
2022-04-20,14,solar,0.0
2022-04-20,15,wind,2.0
2022-04-20,15,solar,0.0
2022-04-21,14,wind,3.0
2022-04-21,15,wind,13.0
2022-04-21,16,wind,2.0
2022-04-22,11,wind,35.0
2022-04-22,12,wind,76.0
2022-04-22,12,solar,0.0
2022-04-22,13,wind,76.0
2022-04-22,13,solar,0.0
2022-04-22,14,wind,76.0
2022-04-22,14,solar,0.0
2022-04-22,15,wind,65.0
2022-04-22,16,wind,18.0
2022-04-24,12,wind,7.0
2022-04-24,12,solar,0.0
2022-04-24,13,wind,8.0
2022-04-24,13,solar,0.0
2022-04-24,14,wind,8.0
2022-04-24,14,solar,0.0
2022-04-24,15,wind,3.0
2022-04-24,15,solar,0.0
2022-04-25,11,wind,15.0
2022-04-25,12,wind,30.0
2022-04-25,13,wind,37.0
2022-04-27,10,wind,10.0
2022-04-27,11,wind,51.0
2022-04-27,12,wind,76.0
2022-04-27,12,solar,0.0
2022-04-27,13,wind,76.0
2022-04-27,13,solar,0.0
2022-04-27,14,wind,76.0
2022-04-27,14,solar,0.0
2022-04-27,15,wind,49.0
2022-04-27,15,solar,0.0
2022-04-28,13,wind,7.0
2022-04-28,14,wind,9.0
2022-04-29,12,wind,19.0
2022-04-29,13,wind,17.0
2022-05-01,8,wind,1.0
2022-05-01,9,wind,85.0
2022-05-01,10,wind,102.0
2022-05-01,10,solar,0.0
2022-05-01,11,wind,104.0
2022-05-01,11,solar,0.0
2022-05-01,12,wind,105.0
2022-05-01,12,solar,0.0
2022-05-01,13,wind,105.0
2022-05-01,13,solar,0.0
2022-05-01,14,wind,105.0
2022-05-01,14,solar,0.0
2022-05-01,15,wind,105.0
2022-05-01,15,solar,0.0
2022-05-01,16,wind,101.0
2022-05-01,16,solar,0.0
2022-05-01,17,wind,66.0
2022-05-01,18,wind,3.0
2022-05-02,10,wind,43.0
2022-05-02,11,wind,113.0
2022-05-02,12,wind,113.0
2022-05-02,13,wind,113.0
2022-05-02,14,wind,113.0
2022-05-02,15,wind,97.0
2022-05-02,16,wind,45.0
2022-05-03,12,wind,4.0
2022-05-03,12,solar,0.0
2022-05-03,13,wind,5.0
2022-05-03,13,solar,0.0
2022-05-03,14,wind,5.0
2022-05-03,14,solar,0.0
2022-05-03,15,wind,3.0
2022-05-04,10,wind,3.0
2022-05-04,11,wind,13.0
2022-05-04,12,wind,13.0
2022-05-04,12,solar,0.0
2022-05-04,13,wind,13.0
2022-05-04,13,solar,0.0
2022-05-04,14,wind,13.0
2022-05-04,14,solar,0.0
2022-05-04,15,wind,8.0
2022-05-04,15,solar,0.0
2022-05-05,10,wind,31.0
2022-05-05,11,wind,31.0
2022-05-05,12,wind,30.0
2022-05-05,13,wind,30.0
2022-05-05,14,wind,32.0
2022-05-05,15,wind,19.0
2022-05-06,13,wind,9.0
2022-05-06,14,wind,8.0
2022-05-07,14,wind,5.0
2022-05-07,15,wind,8.0
2022-05-07,16,wind,3.0
2022-05-09,12,wind,6.0
2022-05-09,13,wind,36.0
2022-05-09,14,wind,34.0
2022-05-09,15,wind,4.0
2022-05-14,8,wind,1.0
2022-05-14,9,wind,51.0
2022-05-14,10,wind,81.0
2022-05-14,10,solar,0.0
2022-05-14,11,wind,84.0
2022-05-14,11,solar,0.0
2022-05-14,12,wind,104.0
2022-05-14,12,solar,0.0
2022-05-14,13,wind,104.0
2022-05-14,13,solar,0.0
2022-05-14,14,wind,104.0
2022-05-14,14,solar,0.0
2022-05-14,15,wind,67.0
2022-05-14,15,solar,0.0
2022-05-14,16,wind,28.0
2022-05-14,17,wind,20.0
2022-05-15,10,wind,94.0
2022-05-15,11,wind,104.0
2022-05-15,12,wind,104.0
2022-05-15,12,solar,0.0
2022-05-15,13,wind,58.0
2022-05-15,13,solar,0.0
2022-05-15,14,wind,93.0
2022-05-15,14,solar,0.0
2022-05-15,15,wind,93.0
2022-05-15,15,solar,0.0
2022-05-15,16,wind,78.0
2022-05-15,17,wind,8.0
2022-05-16,11,wind,1.0
2022-05-16,12,wind,7.0
2022-05-16,12,solar,0.0
2022-05-16,13,wind,7.0
2022-05-16,13,solar,0.0
2022-05-16,14,wind,7.0
2022-05-16,14,solar,0.0
2022-05-16,15,wind,7.0
2022-05-16,15,solar,0.0
2022-05-17,11,wind,2.0
2022-05-17,12,wind,5.0
2022-05-17,13,wind,5.0
2022-05-17,14,wind,5.0
2022-05-17,15,wind,3.0
2022-05-18,12,wind,1.0
2022-05-18,13,wind,2.0
2022-05-21,10,wind,30.0
2022-05-21,11,wind,66.0
2022-05-21,12,wind,66.0
2022-05-21,12,solar,0.0
2022-05-21,13,wind,66.0
2022-05-21,13,solar,0.0
2022-05-21,14,wind,66.0
2022-05-21,14,solar,0.0
2022-05-21,15,wind,66.0
2022-05-21,15,solar,0.0
2022-05-21,16,wind,31.0
2022-05-22,10,wind,6.0
2022-05-22,11,wind,26.0
2022-05-22,11,solar,0.0
2022-05-22,12,wind,26.0
2022-05-22,12,solar,0.0
2022-05-22,13,wind,26.0
2022-05-22,13,solar,0.0
2022-05-22,14,wind,26.0
2022-05-22,14,solar,0.0
2022-05-22,15,wind,26.0
2022-05-22,15,solar,0.0
2022-05-22,16,wind,2.0
2022-05-27,11,wind,25.0
2022-05-27,12,wind,85.0
2022-05-27,13,wind,98.0
2022-05-27,14,wind,85.0
2022-05-27,15,wind,56.0
2022-05-27,16,wind,7.0
2022-05-28,13,wind,9.0
2022-05-28,14,wind,18.0
2022-05-29,10,wind,19.0
2022-05-29,11,wind,6.0
2022-06-01,12,wind,3.0
2022-06-01,13,wind,6.0
2022-06-01,13,solar,0.0
2022-06-01,14,wind,7.0
2022-06-01,14,solar,0.0
2022-06-01,15,wind,4.0
2022-06-06,11,wind,3.0
2022-06-06,12,wind,41.0
2022-06-06,13,wind,63.0
2022-06-06,14,wind,63.0
2022-06-06,15,wind,57.0
2022-06-06,16,wind,33.0
2022-06-12,13,wind,2.0
2022-06-12,14,wind,26.0
2022-06-12,15,wind,5.0
2022-06-25,13,wind,4.0
2022-06-25,14,wind,15.0
2022-07-09,12,wind,6.0
2022-07-09,13,wind,10.0
2022-07-09,14,wind,8.0
2022-09-06,11,wind,4.0
2022-09-06,12,wind,82.0
2022-09-06,13,wind,148.0
2022-09-06,14,wind,149.0
2022-09-06,15,wind,149.0
2022-09-06,16,wind,118.0
2022-09-06,17,wind,16.0
2022-09-07,11,wind,6.0
2022-09-07,12,wind,20.0
2022-09-07,13,wind,24.0
2022-09-07,14,wind,20.0
2022-09-07,15,wind,3.0
2022-09-08,14,wind,6.0
2022-09-08,15,wind,4.0
2022-09-09,12,wind,6.0
2022-09-10,11,wind,28.0
2022-09-10,12,wind,24.0
2022-09-10,13,wind,17.0
2022-09-10,14,wind,50.0
2022-09-10,15,wind,54.0
2022-09-10,16,wind,25.0
2022-09-18,11,wind,21.0
2022-09-18,12,wind,63.0
2022-09-18,13,wind,74.0
2022-09-18,14,wind,25.0
2022-09-18,15,wind,1.0
2022-09-19,12,wind,14.0
2022-09-19,13,wind,66.0
2022-09-19,14,wind,64.0
2022-09-19,15,wind,36.0
2022-09-24,9,wind,7.0
2022-09-24,10,wind,94.0
2022-09-24,11,wind,125.0
2022-09-24,12,wind,133.0
2022-09-24,13,wind,133.0
2022-09-24,14,wind,133.0
2022-09-24,15,wind,64.0
2022-10-05,10,wind,55.0
2022-10-05,11,wind,126.0
2022-10-05,12,wind,122.0
2022-10-05,13,wind,124.0
2022-10-05,14,wind,44.0
2022-10-07,4,wind,17.0
2022-10-07,5,wind,23.0
2022-10-07,13,wind,96.0
2022-10-07,14,wind,111.0
2022-10-07,15,wind,103.0
2022-10-07,16,wind,76.0
2022-10-07,17,wind,6.0
2022-10-10,4,wind,11.0
2022-10-10,5,wind,13.0
2022-10-10,6,wind,24.0
2022-10-10,7,wind,4.0
2022-10-10,9,wind,29.0
2022-10-10,10,wind,92.0
2022-10-10,11,wind,132.0
2022-10-10,12,wind,133.0
2022-10-10,13,wind,146.0
2022-10-10,14,wind,134.0
2022-10-10,15,wind,58.0
2022-10-10,16,wind,27.0
2022-10-11,11,wind,54.0
2022-10-11,12,wind,130.0
2022-10-11,13,wind,130.0
2022-10-11,14,wind,130.0
2022-10-11,15,wind,101.0
2022-10-11,16,wind,36.0
2022-10-12,11,wind,2.0
2022-10-12,12,wind,38.0
2022-10-12,13,wind,54.0
2022-10-12,14,wind,45.0
2022-10-12,15,wind,20.0
2022-10-13,10,wind,33.0
2022-10-13,11,wind,37.0
2022-10-13,12,wind,51.0
2022-10-13,13,wind,79.0
2022-10-13,14,wind,91.0
2022-10-13,15,wind,69.0
2022-10-13,16,wind,10.0
2022-10-15,10,wind,10.0
2022-10-15,11,wind,31.0
2022-10-15,11,solar,0.0
2022-10-15,12,wind,32.0
2022-10-15,12,solar,0.0
2022-10-15,13,wind,32.0
2022-10-15,13,solar,0.0
2022-10-15,14,wind,32.0
2022-10-15,14,solar,0.0
2022-10-15,15,wind,29.0
2022-10-15,16,wind,2.0
2022-10-17,10,wind,36.0
2022-10-17,11,wind,122.0
2022-10-17,12,wind,160.0
2022-10-17,13,wind,196.0
2022-10-17,13,solar,0.0
2022-10-17,14,wind,201.0
2022-10-17,14,solar,0.0
2022-10-17,15,wind,201.0
2022-10-17,15,solar,0.0
2022-10-17,16,wind,162.0
2022-10-17,17,wind,19.0
2022-10-18,2,wind,4.0
2022-10-18,3,wind,8.0
2022-10-18,4,wind,21.0
2022-10-18,5,wind,22.0
2022-10-18,6,wind,19.0
2022-10-18,9,wind,55.0
2022-10-18,10,wind,165.0
2022-10-18,11,wind,184.0
2022-10-18,12,wind,185.0
2022-10-18,12,solar,0.0
2022-10-18,13,wind,185.0
2022-10-18,13,solar,0.0
2022-10-18,14,wind,185.0
2022-10-18,14,solar,0.0
2022-10-18,15,wind,183.0
2022-10-18,16,wind,136.0
2022-10-18,17,wind,24.0
2022-10-19,9,wind,3.0
2022-10-19,10,wind,81.0
2022-10-19,11,wind,110.0
2022-10-19,12,wind,117.0
2022-10-19,12,solar,0.0
2022-10-19,13,wind,117.0
2022-10-19,13,solar,0.0
2022-10-19,14,wind,117.0
2022-10-19,14,solar,0.0
2022-10-19,15,wind,112.0
2022-10-19,16,wind,59.0
2022-10-20,11,wind,3.0
2022-10-20,12,wind,11.0
2022-10-20,12,solar,0.0
2022-10-20,13,wind,11.0
2022-10-20,13,solar,0.0
2022-10-20,14,wind,11.0
2022-10-20,14,solar,0.0
2022-10-20,15,wind,5.0
2022-10-20,15,solar,0.0
2022-10-23,9,wind,15.0
2022-10-23,10,wind,100.0
2022-10-23,11,wind,115.0
2022-10-23,12,wind,155.0
2022-10-23,12,solar,0.0
2022-10-23,13,wind,157.0
2022-10-23,13,solar,0.0
2022-10-23,14,wind,157.0
2022-10-23,14,solar,0.0
2022-10-23,15,wind,147.0
2022-10-23,16,wind,94.0
2022-10-23,17,wind,32.0
2022-10-24,10,wind,72.0
2022-10-24,11,wind,147.0
2022-10-24,12,wind,192.0
2022-10-24,13,wind,192.0
2022-10-24,14,wind,192.0
2022-10-24,15,wind,167.0
2022-10-24,16,wind,85.0
2022-10-24,17,wind,12.0
2022-10-25,11,wind,6.0
2022-10-25,12,wind,60.0
2022-10-25,13,wind,69.0
2022-10-25,14,wind,41.0
2022-10-25,15,wind,3.0
2022-10-28,12,wind,9.0
2022-10-28,13,wind,9.0
2022-10-28,14,wind,9.0
2022-10-28,15,wind,4.0
2022-10-29,12,wind,19.0
2022-10-29,13,wind,17.0
2022-10-30,10,wind,39.0
2022-10-30,11,wind,72.0
2022-10-30,12,wind,72.0
2022-10-30,13,wind,72.0
2022-10-30,14,wind,72.0
2022-10-30,15,wind,58.0
2022-10-30,16,wind,16.0
2022-10-31,11,wind,2.0
2022-10-31,12,wind,50.0
2022-10-31,13,wind,89.0
2022-10-31,14,wind,56.0
2022-10-31,15,wind,4.0
2022-11-01,11,wind,25.0
2022-11-01,12,wind,60.0
2022-11-01,13,wind,74.0
2022-11-01,14,wind,72.0
2022-11-01,15,wind,41.0
2022-11-02,12,wind,1.0
2022-11-02,13,wind,3.0
2022-11-03,12,wind,7.0
2022-11-03,13,wind,9.0
2022-11-03,14,wind,5.0
2022-11-03,15,wind,6.0
2022-11-04,10,wind,99.0
2022-11-04,11,wind,155.0
2022-11-04,12,wind,170.0
2022-11-04,13,wind,170.0
2022-11-04,14,wind,135.0
2022-11-04,15,wind,95.0
2022-11-04,16,wind,39.0
2022-11-05,10,wind,30.0
2022-11-05,11,wind,90.0
2022-11-05,12,wind,138.0
2022-11-05,13,wind,146.0
2022-11-05,14,wind,146.0
2022-11-05,15,wind,105.0
2022-11-05,16,wind,31.0
2022-11-06,10,wind,8.0
2022-11-06,11,wind,46.0
2022-11-06,12,wind,46.0
2022-11-06,13,wind,40.0
2022-11-06,14,wind,7.0
2022-11-06,15,wind,7.0
2022-11-06,16,wind,2.0
2022-11-13,11,wind,64.0
2022-11-13,12,wind,113.0
2022-11-13,13,wind,95.0
2022-11-13,14,wind,79.0
2022-11-13,15,wind,49.0
2022-11-13,16,wind,14.0
2022-11-14,13,wind,32.0
2022-11-14,14,wind,38.0
2022-11-14,15,wind,24.0
2022-11-15,10,wind,2.0
2022-11-15,11,wind,10.0
2022-11-15,12,wind,2.0
2022-11-15,13,wind,13.0
2022-11-15,14,wind,12.0
2022-11-15,15,wind,2.0
2022-11-18,12,wind,13.0
2022-11-18,13,wind,42.0
2022-11-18,14,wind,42.0
2022-11-18,15,wind,2.0
2022-11-23,12,wind,30.0
2022-11-23,13,wind,86.0
2022-11-23,14,wind,118.0
2022-11-23,15,wind,60.0
2022-11-23,16,wind,6.0
2022-11-24,11,wind,9.0
2022-11-24,12,wind,55.0
2022-11-24,13,wind,55.0
2022-11-24,14,wind,47.0
2022-11-24,15,wind,18.0
2022-11-26,13,wind,9.0
2022-11-26,14,wind,65.0
2022-11-26,15,wind,43.0
2022-12-06,14,wind,16.0
2022-12-06,15,wind,40.0
2022-12-11,11,wind,47.0
2022-12-11,12,wind,84.0
2022-12-11,13,wind,88.0
2022-12-11,14,wind,43.0
2022-12-11,15,wind,27.0
2022-12-11,16,wind,9.0
2022-12-13,13,wind,1.0
2022-12-13,14,wind,7.0
2022-12-31,13,wind,5.0
2022-12-31,14,wind,16.0
2022-12-31,15,wind,13.0
2023-01-02,13,wind,58.0
2023-01-02,14,wind,18.0
2023-01-02,15,wind,15.0
2023-01-02,16,wind,2.0
2023-01-03,13,wind,3.0
2023-01-03,14,wind,2.0
2023-01-07,11,wind,44.0
2023-01-07,12,wind,137.0
2023-01-07,13,wind,147.0
2023-01-07,14,wind,161.0
2023-01-07,15,wind,105.0
2023-01-07,16,wind,22.0
2023-01-20,13,wind,10.0
2023-01-20,14,wind,16.0
2023-01-20,15,wind,16.0
2023-01-20,16,wind,2.0
2023-01-23,12,wind,25.0
2023-01-23,13,wind,109.0
2023-01-23,14,wind,93.0
2023-01-23,15,wind,3.0
2023-01-30,13,wind,4.0
2023-01-30,14,wind,4.0
2023-02-01,13,wind,21.0
2023-02-01,14,wind,20.0
2023-02-02,12,wind,19.0
2023-02-02,13,wind,68.0
2023-02-02,14,wind,73.0
2023-02-02,15,wind,33.0
2023-02-03,13,wind,19.0
2023-02-03,14,wind,9.0
2023-02-04,10,wind,1.0
2023-02-04,11,wind,17.0
2023-02-04,12,wind,42.0
2023-02-04,13,wind,63.0
2023-02-04,14,wind,63.0
2023-02-04,15,wind,63.0
2023-02-04,16,wind,54.0
2023-02-07,13,wind,2.0
2023-02-07,14,wind,1.0
2023-02-08,12,wind,3.0
2023-02-08,13,wind,52.0
2023-02-08,14,wind,53.0
2023-02-08,15,wind,44.0
2023-02-08,16,wind,11.0
2023-02-10,12,wind,3.0
2023-02-10,13,wind,22.0
2023-02-10,14,wind,20.0
2023-02-14,12,wind,49.0
2023-02-14,13,wind,155.0
2023-02-14,14,wind,163.0
2023-02-14,15,wind,141.0
2023-02-14,16,wind,75.0
2023-02-14,17,wind,5.0
2023-02-19,12,wind,1.0
2023-02-19,13,wind,37.0
2023-02-19,14,wind,10.0
2023-02-20,11,wind,37.0
2023-02-20,12,wind,91.0
2023-02-20,13,wind,113.0
2023-02-20,14,wind,69.0
2023-02-20,15,wind,11.0
2023-02-21,12,wind,14.0
2023-02-21,13,wind,48.0
2023-02-21,14,wind,45.0
2023-02-21,15,wind,2.0
2023-02-24,14,wind,23.0
2023-02-24,15,wind,40.0
2023-02-24,16,wind,26.0
2023-02-25,10,wind,45.0
2023-02-25,11,wind,110.0
2023-02-25,12,wind,124.0
2023-02-25,13,wind,159.0
2023-02-25,14,wind,187.0
2023-02-25,15,wind,163.0
2023-02-25,16,wind,135.0
2023-02-25,17,wind,47.0
2023-02-25,18,wind,5.0
2023-02-26,10,wind,20.0
2023-02-26,11,wind,74.0
2023-02-26,11,solar,0.0
2023-02-26,12,wind,81.0
2023-02-26,12,solar,0.0
2023-02-26,13,wind,82.0
2023-02-26,13,solar,0.0
2023-02-26,14,wind,82.0
2023-02-26,14,solar,0.0
2023-02-26,15,wind,82.0
2023-02-26,15,solar,0.0
2023-02-26,16,wind,79.0
2023-02-26,16,solar,0.0
2023-02-26,17,wind,30.0
2023-02-28,11,wind,12.0
2023-02-28,12,wind,40.0
2023-02-28,12,solar,0.0
2023-02-28,13,wind,42.0
2023-02-28,13,solar,0.0
2023-02-28,14,wind,43.0
2023-02-28,14,solar,0.0
2023-02-28,15,wind,44.0
2023-02-28,16,wind,21.0
2023-03-01,16,wind,17.0
2023-03-01,17,wind,48.0
2023-03-01,18,wind,19.0
2023-03-02,10,wind,26.0
2023-03-02,11,wind,111.0
2023-03-02,12,wind,188.0
2023-03-02,12,solar,0.0
2023-03-02,13,wind,200.0
2023-03-02,13,solar,0.0
2023-03-02,14,wind,200.0
2023-03-02,14,solar,0.0
2023-03-02,15,wind,200.0
2023-03-02,15,solar,0.0
2023-03-02,16,wind,153.0
2023-03-02,17,wind,51.0
2023-03-03,12,wind,23.0
2023-03-03,12,solar,0.0
2023-03-03,13,wind,22.0
2023-03-03,13,solar,0.0
2023-03-03,14,wind,24.0
2023-03-04,12,wind,25.0
2023-03-04,12,solar,0.0
2023-03-04,13,wind,33.0
2023-03-04,13,solar,0.0
2023-03-04,14,wind,37.0
2023-03-04,14,solar,0.0
2023-03-04,15,wind,37.0
2023-03-04,15,solar,0.0
2023-03-05,11,wind,13.0
2023-03-05,12,wind,10.0
2023-03-05,13,wind,20.0
2023-03-05,14,wind,30.0
2023-03-05,15,wind,19.0
2023-03-06,11,wind,6.0
2023-03-06,12,wind,12.0
2023-03-06,13,wind,15.0
2023-03-06,14,wind,19.0
2023-03-06,15,wind,23.0
2023-03-07,11,wind,56.0
2023-03-07,12,wind,61.0
2023-03-07,13,wind,68.0
2023-03-07,14,wind,66.0
2023-03-07,15,wind,64.0
2023-03-07,16,wind,51.0
2023-03-08,12,wind,40.0
2023-03-08,13,wind,78.0
2023-03-08,14,wind,46.0
2023-03-08,15,wind,1.0
2023-03-09,14,wind,50.0
2023-03-10,13,wind,18.0
2023-03-10,14,wind,23.0
2023-03-10,15,wind,6.0
2023-03-11,12,wind,26.0
2023-03-11,12,solar,0.0
2023-03-11,13,wind,32.0
2023-03-11,13,solar,0.0
2023-03-11,14,wind,38.0
2023-03-11,14,solar,0.0
2023-03-11,15,wind,31.0
2023-03-11,15,solar,0.0
2023-03-12,11,wind,4.0
2023-03-12,12,wind,49.0
2023-03-12,13,wind,33.0
2023-03-13,10,wind,69.0
2023-03-13,11,wind,77.0
2023-03-13,12,wind,93.0
2023-03-13,12,solar,0.0
2023-03-13,13,wind,81.0
2023-03-13,13,solar,0.0
2023-03-13,14,wind,73.0
2023-03-13,14,solar,0.0
2023-03-13,15,wind,67.0
2023-03-13,15,solar,0.0
2023-03-14,10,wind,4.0
2023-03-14,11,wind,66.0
2023-03-14,11,solar,0.0
2023-03-14,12,wind,85.0
2023-03-14,12,solar,0.0
2023-03-14,13,wind,90.0
2023-03-14,13,solar,0.0
2023-03-14,14,wind,85.0
2023-03-14,14,solar,0.0
2023-03-14,15,wind,78.0
2023-03-14,15,solar,0.0
2023-03-14,16,wind,62.0
2023-03-14,16,solar,0.0
2023-03-15,10,wind,31.0
2023-03-15,11,wind,96.0
2023-03-15,11,solar,0.0
2023-03-15,12,wind,97.0
2023-03-15,12,solar,0.0
2023-03-15,13,wind,91.0
2023-03-15,13,solar,0.0
2023-03-15,14,wind,83.0
2023-03-15,14,solar,0.0
2023-03-15,15,wind,41.0
2023-03-15,15,solar,0.0
2023-03-16,10,wind,9.0
2023-03-16,11,wind,49.0
2023-03-16,11,solar,0.0
2023-03-16,12,wind,99.0
2023-03-16,12,solar,0.0
2023-03-16,13,wind,93.0
2023-03-16,13,solar,0.0
2023-03-16,14,wind,86.0
2023-03-16,14,solar,0.0
2023-03-16,15,wind,88.0
2023-03-16,15,solar,0.0
2023-03-16,16,wind,74.0
2023-03-16,17,wind,68.0
2023-03-18,10,wind,48.0
2023-03-18,11,wind,54.0
2023-03-18,11,solar,0.0
2023-03-18,12,wind,59.0
2023-03-18,12,solar,0.0
2023-03-18,13,wind,69.0
2023-03-18,13,solar,0.0
2023-03-18,14,wind,71.0
2023-03-18,14,solar,0.0
2023-03-18,15,wind,64.0
2023-03-18,15,solar,0.0
2023-03-18,16,wind,71.0
2023-03-18,16,solar,0.0
2023-03-19,10,wind,41.0
2023-03-19,10,solar,0.0
2023-03-19,11,wind,41.0
2023-03-19,11,solar,0.0
2023-03-19,12,wind,49.0
2023-03-19,12,solar,0.0
2023-03-19,13,wind,48.0
2023-03-19,13,solar,0.0
2023-03-19,14,wind,38.0
2023-03-19,14,solar,0.0
2023-03-19,15,wind,30.0
2023-03-19,15,solar,0.0
2023-03-19,16,wind,26.0
2023-03-19,16,solar,0.0
2023-03-26,11,wind,47.0
2023-03-26,12,wind,53.0
2023-03-26,12,solar,0.0
2023-03-26,13,wind,87.0
2023-03-26,13,solar,0.0
2023-03-26,14,wind,105.0
2023-03-26,14,solar,0.0
2023-03-26,15,wind,115.0
2023-03-26,15,solar,0.0
2023-03-26,16,wind,88.0
2023-03-26,16,solar,0.0
2023-03-27,10,wind,8.0
2023-03-27,11,wind,50.0
2023-03-27,12,wind,83.0
2023-03-27,12,solar,0.0
2023-03-27,13,wind,87.0
2023-03-27,13,solar,0.0
2023-03-27,14,wind,85.0
2023-03-27,14,solar,0.0
2023-03-27,15,wind,66.0
2023-03-27,15,solar,0.0
2023-03-27,16,wind,23.0
2023-03-28,12,wind,18.0
2023-03-28,13,wind,24.0
2023-03-28,14,wind,31.0
2023-03-29,12,wind,16.0
2023-03-29,12,solar,0.0
2023-03-29,13,wind,24.0
2023-03-29,13,solar,0.0
2023-03-29,14,wind,13.0
2023-03-29,14,solar,0.0
2023-03-31,12,wind,23.0
2023-03-31,12,solar,0.0
2023-03-31,13,wind,32.0
2023-03-31,13,solar,0.0
2023-03-31,14,wind,34.0
2023-03-31,14,solar,0.0
2023-04-01,12,wind,20.0
2023-04-01,12,solar,0.0
2023-04-01,13,wind,22.0
2023-04-01,13,solar,0.0
2023-04-01,14,wind,21.0
2023-04-01,14,solar,0.0
2023-04-01,15,wind,3.0
2023-04-02,10,wind,17.0
2023-04-02,10,solar,0.0
2023-04-02,11,wind,59.0
2023-04-02,11,solar,0.0
2023-04-02,12,wind,62.0
2023-04-02,12,solar,0.0
2023-04-02,13,wind,62.0
2023-04-02,13,solar,0.0
2023-04-02,14,wind,62.0
2023-04-02,14,solar,0.0
2023-04-02,15,wind,62.0
2023-04-02,15,solar,0.0
2023-04-02,16,wind,60.0
2023-04-02,16,solar,0.0
2023-04-02,17,wind,22.0
2023-04-03,10,wind,11.0
2023-04-03,10,solar,0.0
2023-04-03,11,wind,71.0
2023-04-03,11,solar,0.0
2023-04-03,12,wind,113.0
2023-04-03,12,solar,0.0
2023-04-03,13,wind,114.0
2023-04-03,13,solar,0.0
2023-04-03,14,wind,114.0
2023-04-03,14,solar,0.0
2023-04-03,15,wind,107.0
2023-04-03,15,solar,0.0
2023-04-03,16,wind,17.0
2023-04-07,10,wind,5.0
2023-04-07,11,wind,28.0
2023-04-07,12,wind,93.0
2023-04-07,13,wind,102.0
2023-04-07,14,wind,97.0
2023-04-07,15,wind,6.0
2023-04-08,9,wind,48.0
2023-04-08,10,wind,72.0
2023-04-08,10,solar,0.0
2023-04-08,11,wind,92.0
2023-04-08,11,solar,0.0
2023-04-08,12,wind,97.0
2023-04-08,12,solar,0.0
2023-04-08,13,wind,97.0
2023-04-08,13,solar,0.0
2023-04-08,14,wind,97.0
2023-04-08,14,solar,0.0
2023-04-08,15,wind,96.0
2023-04-08,15,solar,0.0
2023-04-08,16,wind,80.0
2023-04-08,16,solar,0.0
2023-04-08,17,wind,29.0
2023-04-08,17,solar,0.0
2023-04-09,9,wind,2.0
2023-04-09,10,wind,8.0
2023-04-09,10,solar,0.0
2023-04-09,11,wind,10.0
2023-04-09,11,solar,0.0
2023-04-09,12,wind,13.0
2023-04-09,12,solar,0.0
2023-04-09,13,wind,13.0
2023-04-09,13,solar,0.0
2023-04-09,14,wind,14.0
2023-04-09,14,solar,0.0
2023-04-09,15,wind,14.0
2023-04-09,15,solar,0.0
2023-04-09,16,wind,11.0
2023-04-09,16,solar,0.0
2023-04-09,17,wind,1.0
2023-04-10,10,wind,10.0
2023-04-10,11,wind,60.0
2023-04-10,12,wind,64.0
2023-04-10,13,wind,39.0
2023-04-10,13,solar,0.0
2023-04-10,14,wind,44.0
2023-04-10,14,solar,0.0
2023-04-10,15,wind,30.0
2023-04-10,15,solar,0.0
2023-04-10,16,wind,4.0
2023-04-11,10,wind,10.0
2023-04-11,11,wind,25.0
2023-04-11,12,wind,99.0
2023-04-11,13,wind,153.0
2023-04-11,14,wind,101.0
2023-04-11,15,wind,5.0
2023-04-12,9,wind,4.0
2023-04-12,10,wind,91.0
2023-04-12,11,wind,156.0
2023-04-12,11,solar,0.0
2023-04-12,12,wind,165.0
2023-04-12,12,solar,0.0
2023-04-12,13,wind,166.0
2023-04-12,13,solar,0.0
2023-04-12,14,wind,162.0
2023-04-12,14,solar,0.0
2023-04-12,15,wind,158.0
2023-04-12,15,solar,0.0
2023-04-12,16,wind,137.0
2023-04-12,16,solar,0.0
2023-04-12,17,wind,22.0
2023-04-13,11,wind,5.0
2023-04-13,12,wind,11.0
2023-04-13,12,solar,0.0
2023-04-13,13,wind,15.0
2023-04-13,13,solar,0.0
2023-04-13,14,wind,15.0
2023-04-13,14,solar,0.0
2023-04-13,15,wind,9.0
2023-04-13,15,solar,0.0
2023-04-13,16,wind,1.0
2023-04-15,12,wind,10.0
2023-04-15,13,wind,77.0
2023-04-15,13,solar,0.0
2023-04-15,14,wind,83.0
2023-04-15,14,solar,0.0
2023-04-15,15,wind,30.0
2023-04-15,16,wind,20.0
2023-04-15,17,wind,1.0
2023-04-16,9,wind,9.0
2023-04-16,10,wind,66.0
2023-04-16,11,wind,148.0
2023-04-16,12,wind,215.0
2023-04-16,12,solar,0.0
2023-04-16,13,wind,217.0
2023-04-16,13,solar,0.0
2023-04-16,14,wind,217.0
2023-04-16,14,solar,0.0
2023-04-16,15,wind,214.0
2023-04-16,15,solar,0.0
2023-04-16,16,wind,202.0
2023-04-16,16,solar,0.0
2023-04-16,17,wind,66.0
2023-04-17,11,wind,9.0
2023-04-17,12,wind,29.0
2023-04-17,12,solar,0.0
2023-04-17,13,wind,31.0
2023-04-17,13,solar,0.0
2023-04-17,14,wind,29.0
2023-04-17,14,solar,0.0
2023-04-17,15,wind,29.0
2023-04-17,15,solar,0.0
2023-04-17,16,wind,18.0
2023-04-17,17,wind,1.0
2023-04-20,10,wind,2.0
2023-04-20,12,wind,1.0
2023-04-20,12,solar,0.0
2023-04-20,13,wind,2.0
2023-04-20,13,solar,0.0
2023-04-20,14,wind,2.0
2023-04-20,14,solar,0.0
2023-04-20,15,wind,1.0
2023-04-20,15,solar,0.0
2023-04-21,11,wind,15.0
2023-04-21,12,wind,87.0
2023-04-21,12,solar,0.0
2023-04-21,13,wind,103.0
2023-04-21,13,solar,0.0
2023-04-21,14,wind,104.0
2023-04-21,14,solar,0.0
2023-04-21,15,wind,95.0
2023-04-21,15,solar,0.0
2023-04-21,16,wind,29.0
2023-04-22,9,wind,14.0
2023-04-22,10,wind,122.0
2023-04-22,11,wind,151.0
2023-04-22,11,solar,0.0
2023-04-22,12,wind,153.0
2023-04-22,12,solar,0.0
2023-04-22,13,wind,155.0
2023-04-22,13,solar,0.0
2023-04-22,14,wind,155.0
2023-04-22,14,solar,0.0
2023-04-22,15,wind,139.0
2023-04-22,15,solar,0.0
2023-04-22,16,wind,40.0
2023-04-22,17,wind,1.0
2023-04-23,8,wind,15.0
2023-04-23,9,wind,31.0
2023-04-23,10,wind,92.0
2023-04-23,11,wind,54.0
2023-04-23,12,wind,81.0
2023-04-23,12,solar,0.0
2023-04-23,13,wind,153.0
2023-04-23,13,solar,0.0
2023-04-23,14,wind,156.0
2023-04-23,14,solar,0.0
2023-04-23,15,wind,144.0
2023-04-23,15,solar,0.0
2023-04-23,16,wind,2.0
2023-04-26,10,wind,38.0
2023-04-26,11,wind,98.0
2023-04-26,11,solar,0.0
2023-04-26,12,wind,99.0
2023-04-26,12,solar,0.0
2023-04-26,13,wind,99.0
2023-04-26,13,solar,0.0
2023-04-26,14,wind,99.0
2023-04-26,14,solar,0.0
2023-04-26,15,wind,109.0
2023-04-26,15,solar,0.0
2023-04-26,16,wind,104.0
2023-04-26,16,solar,0.0
2023-04-26,17,wind,53.0
2023-04-26,18,wind,20.0
2023-04-27,10,solar,0.0
2023-04-27,11,wind,5.0
2023-04-27,11,solar,0.0
2023-04-27,12,wind,5.0
2023-04-27,12,solar,0.0
2023-04-27,13,wind,5.0
2023-04-27,13,solar,0.0
2023-04-27,14,wind,5.0
2023-04-27,14,solar,0.0
2023-04-27,15,wind,2.0
2023-04-27,15,solar,0.0
2023-04-27,16,solar,0.0
2023-04-28,12,wind,9.0
2023-04-30,10,wind,16.0
2023-04-30,10,solar,0.0
2023-04-30,11,wind,25.0
2023-04-30,11,solar,0.0
2023-04-30,12,wind,27.0
2023-04-30,12,solar,0.0
2023-04-30,13,wind,27.0
2023-04-30,13,solar,0.0
2023-04-30,14,wind,27.0
2023-04-30,14,solar,0.0
2023-04-30,15,wind,25.0
2023-04-30,15,solar,0.0
2023-04-30,16,wind,19.0
2023-04-30,16,solar,0.0
2023-04-30,17,wind,4.0
2023-05-01,10,wind,16.0
2023-05-01,10,solar,0.0
2023-05-01,11,wind,25.0
2023-05-01,11,solar,0.0
2023-05-01,12,wind,28.0
2023-05-01,12,solar,0.0
2023-05-01,13,wind,28.0
2023-05-01,13,solar,0.0
2023-05-01,14,wind,28.0
2023-05-01,14,solar,0.0
2023-05-01,15,wind,28.0
2023-05-01,15,solar,0.0
2023-05-01,16,wind,24.0
2023-05-01,16,solar,0.0
2023-05-02,10,wind,4.0
2023-05-02,10,solar,0.0
2023-05-02,11,wind,16.0
2023-05-02,11,solar,0.0
2023-05-02,12,wind,18.0
2023-05-02,12,solar,0.0
2023-05-02,13,wind,19.0
2023-05-02,13,solar,0.0
2023-05-02,14,wind,19.0
2023-05-02,14,solar,0.0
2023-05-02,15,wind,12.0
2023-05-02,15,solar,0.0
2023-05-02,16,wind,4.0
2023-05-02,16,solar,0.0
2023-05-05,3,wind,17.0
2023-05-05,4,wind,27.0
2023-05-05,5,wind,27.0
2023-05-05,6,wind,24.0
2023-05-08,10,wind,2.0
2023-05-08,11,wind,27.0
2023-05-08,11,solar,0.0
2023-05-08,12,wind,29.0
2023-05-08,12,solar,0.0
2023-05-08,13,wind,29.0
2023-05-08,13,solar,0.0
2023-05-08,14,wind,28.0
2023-05-08,14,solar,0.0
2023-05-08,15,wind,26.0
2023-05-08,15,solar,0.0
2023-05-09,10,wind,17.0
2023-05-09,10,solar,0.0
2023-05-09,11,wind,24.0
2023-05-09,11,solar,0.0
2023-05-09,12,wind,25.0
2023-05-09,12,solar,0.0
2023-05-09,13,wind,26.0
2023-05-09,13,solar,0.0
2023-05-09,14,wind,26.0
2023-05-09,14,solar,0.0
2023-05-09,15,wind,24.0
2023-05-09,15,solar,0.0
2023-05-09,16,wind,7.0
2023-05-09,16,solar,0.0
2023-05-10,10,wind,9.0
2023-05-10,10,solar,0.0
2023-05-10,11,wind,20.0
2023-05-10,11,solar,0.0
2023-05-10,12,wind,23.0
2023-05-10,12,solar,0.0
2023-05-10,13,wind,23.0
2023-05-10,13,solar,0.0
2023-05-10,14,wind,23.0
2023-05-10,14,solar,0.0
2023-05-10,15,wind,21.0
2023-05-10,15,solar,0.0
2023-05-10,16,wind,6.0
2023-05-10,16,solar,0.0
2023-05-11,11,wind,2.0
2023-05-11,11,solar,0.0
2023-05-11,12,wind,8.0
2023-05-11,12,solar,0.0
2023-05-11,13,wind,13.0
2023-05-11,13,solar,0.0
2023-05-11,14,wind,10.0
2023-05-11,14,solar,0.0
2023-05-11,15,solar,0.0
2023-05-14,13,wind,1.0
2023-05-14,13,solar,0.0
2023-05-14,14,solar,0.0
2023-05-15,15,wind,5.0
2023-05-16,13,wind,6.0
2023-05-16,13,solar,0.0
2023-05-16,14,wind,3.0
2023-05-16,14,solar,0.0
2023-05-16,15,wind,1.0
2023-05-16,15,solar,0.0
2023-05-17,12,wind,68.0
2023-05-17,13,wind,36.0
2023-05-17,14,wind,6.0
2023-05-18,14,wind,2.0
2023-05-20,11,wind,1.0
2023-05-20,11,solar,0.0
2023-05-20,12,wind,2.0
2023-05-20,12,solar,0.0
2023-05-20,13,wind,1.0
2023-05-20,13,solar,0.0
2023-05-21,13,wind,9.0
2023-05-21,13,solar,0.0
2023-05-21,14,wind,13.0
2023-05-21,14,solar,0.0
2023-05-21,15,wind,6.0
2023-05-21,15,solar,0.0
2023-05-23,11,wind,2.0
2023-05-23,12,wind,19.0
2023-05-23,12,solar,0.0
2023-05-23,13,wind,19.0
2023-05-23,13,solar,0.0
2023-05-23,14,wind,18.0
2023-05-23,14,solar,0.0
2023-05-23,15,wind,9.0
2023-05-23,15,solar,0.0
2023-05-25,11,wind,1.0
2023-05-25,12,wind,23.0
2023-05-25,12,solar,0.0
2023-05-25,13,wind,23.0
2023-05-25,13,solar,0.0
2023-05-25,14,wind,19.0
2023-05-25,14,solar,0.0
2023-05-25,15,wind,8.0
2023-05-26,13,wind,6.0
2023-05-26,13,solar,0.0
2023-05-26,14,wind,8.0
2023-05-26,14,solar,0.0
2023-05-26,15,wind,5.0
2023-06-02,13,wind,22.0
2023-06-02,14,wind,38.0
2023-06-02,15,wind,13.0
2023-06-02,16,wind,4.0
2023-06-03,11,wind,13.0
2023-06-03,12,wind,34.0
2023-06-03,12,solar,0.0
2023-06-03,13,wind,39.0
2023-06-03,13,solar,0.0
2023-06-03,14,wind,43.0
2023-06-03,14,solar,0.0
2023-06-03,15,wind,27.0
2023-06-03,15,solar,0.0
2023-06-03,16,wind,3.0
2023-06-04,12,wind,3.0
2023-06-04,14,wind,2.0
2023-06-04,15,wind,2.0
2023-06-07,12,wind,2.0
2023-06-07,12,solar,0.0
2023-06-07,13,wind,2.0
2023-06-10,12,wind,16.0
2023-06-10,13,wind,34.0
2023-06-10,14,wind,19.0
2023-06-10,15,wind,4.0
2023-06-15,13,wind,2.0
2023-06-16,13,solar,0.0
2023-06-16,14,solar,0.0
2023-06-17,11,wind,2.0
2023-06-17,11,solar,0.0
2023-06-17,12,wind,4.0
2023-06-17,12,solar,0.0
2023-06-17,13,wind,6.0
2023-06-17,13,solar,0.0
2023-06-17,14,wind,7.0
2023-06-17,14,solar,0.0
2023-06-17,15,wind,7.0
2023-06-17,15,solar,0.0
2023-06-17,16,wind,1.0
2023-08-10,14,wind,13.0
2023-08-10,15,wind,50.0
2023-08-10,16,wind,38.0
2023-09-21,10,wind,3.0
2023-09-21,11,wind,18.0
2023-09-21,12,wind,42.0
2023-09-21,13,wind,21.0
2023-09-23,11,wind,7.0
2023-09-23,12,wind,20.0
2023-09-23,13,wind,3.0
2023-10-01,10,wind,4.0
2023-10-01,11,wind,47.0
2023-10-01,12,wind,72.0
2023-10-01,12,solar,0.0
2023-10-01,13,wind,79.0
2023-10-01,13,solar,0.0
2023-10-01,14,wind,79.0
2023-10-01,14,solar,0.0
2023-10-01,15,wind,62.0
2023-10-01,15,solar,0.0
2023-10-01,16,wind,5.0
2023-10-02,11,wind,15.0
2023-10-02,12,wind,32.0
2023-10-02,13,wind,44.0
2023-10-02,14,wind,30.0
2023-10-04,11,wind,10.0
2023-10-04,12,wind,5.0
2023-10-04,12,solar,0.0
2023-10-04,13,wind,34.0
2023-10-04,13,solar,0.0
2023-10-04,14,wind,34.0
2023-10-04,14,solar,0.0
2023-10-04,15,wind,10.0
2023-10-05,10,wind,1.0
2023-10-05,11,wind,112.0
2023-10-05,11,solar,0.0
2023-10-05,12,wind,159.0
2023-10-05,12,solar,0.0
2023-10-05,13,wind,159.0
2023-10-05,13,solar,0.0
2023-10-05,14,wind,159.0
2023-10-05,14,solar,0.0
2023-10-05,15,wind,110.0
2023-10-05,15,solar,0.0
2023-10-05,16,wind,65.0
2023-10-05,16,solar,0.0
2023-10-05,17,wind,1.0
2023-10-06,11,wind,30.0
2023-10-06,13,wind,1.0
2023-10-06,14,wind,26.0
2023-10-09,11,wind,8.0
2023-10-10,10,wind,43.0
2023-10-10,11,wind,94.0
2023-10-10,12,wind,94.0
2023-10-10,12,solar,0.0
2023-10-10,13,wind,94.0
2023-10-10,13,solar,0.0
2023-10-10,14,wind,77.0
2023-10-10,14,solar,0.0
2023-10-11,11,wind,1.0
2023-10-11,12,wind,29.0
2023-10-11,13,wind,17.0
2023-10-12,12,wind,13.0
2023-10-12,13,wind,42.0
2023-10-12,14,wind,17.0
2023-10-12,15,wind,2.0
2023-10-14,11,wind,5.0
2023-10-14,12,wind,22.0
2023-10-14,12,solar,0.0
2023-10-14,13,wind,22.0
2023-10-14,13,solar,0.0
2023-10-14,14,wind,20.0
2023-10-14,14,solar,0.0
2023-10-14,15,wind,3.0
2023-10-15,10,wind,12.0
2023-10-15,11,wind,55.0
2023-10-15,11,solar,0.0
2023-10-15,12,wind,61.0
2023-10-15,12,solar,0.0
2023-10-15,13,wind,61.0
2023-10-15,13,solar,0.0
2023-10-15,14,wind,61.0
2023-10-15,14,solar,0.0
2023-10-15,15,wind,52.0
2023-10-15,15,solar,0.0
2023-10-15,16,wind,15.0
2023-10-16,12,wind,23.0
2023-10-16,13,wind,79.0
2023-10-16,14,wind,82.0
2023-10-16,15,wind,24.0
2023-10-17,10,wind,73.0
2023-10-17,11,wind,132.0
2023-10-17,11,solar,0.0
2023-10-17,12,wind,146.0
2023-10-17,12,solar,0.0
2023-10-17,13,wind,148.0
2023-10-17,13,solar,0.0
2023-10-17,14,wind,143.0
2023-10-17,14,solar,0.0
2023-10-17,15,wind,77.0
2023-10-20,13,wind,16.0
2023-10-20,14,wind,108.0
2023-10-20,15,wind,87.0
2023-10-20,16,wind,19.0
2023-10-21,12,wind,19.0
2023-10-21,12,solar,0.0
2023-10-21,13,wind,19.0
2023-10-21,13,solar,0.0
2023-10-21,14,wind,19.0
2023-10-21,14,solar,0.0
2023-10-21,15,wind,8.0
2023-10-21,15,solar,0.0
2023-10-22,12,wind,1.0
2023-10-22,13,wind,7.0
2023-10-22,13,solar,0.0
2023-10-22,14,wind,1.0
2023-10-22,14,solar,0.0
2023-10-27,10,wind,23.0
2023-10-27,11,wind,119.0
2023-10-27,12,wind,146.0
2023-10-27,12,solar,0.0
2023-10-27,13,wind,145.0
2023-10-27,13,solar,0.0
2023-10-27,14,wind,145.0
2023-10-27,14,solar,0.0
2023-10-27,15,wind,130.0
2023-10-27,15,solar,0.0
2023-10-27,16,wind,54.0
2023-10-27,17,wind,1.0
2023-10-28,10,wind,4.0
2023-10-28,11,wind,14.0
2023-10-28,11,solar,0.0
2023-10-28,12,wind,19.0
2023-10-28,12,solar,0.0
2023-10-28,13,wind,20.0
2023-10-28,13,solar,0.0
2023-10-28,14,wind,17.0
2023-10-28,14,solar,0.0
2023-10-28,15,wind,12.0
2023-10-28,15,solar,0.0
2023-10-29,11,solar,0.0
2023-10-29,12,solar,0.0
2023-10-29,13,solar,0.0
2023-10-31,12,solar,0.0
2023-10-31,13,solar,0.0
2023-10-31,14,solar,0.0
2023-11-07,14,wind,5.0
2023-11-07,15,wind,7.0
2023-11-10,12,wind,21.0
2023-11-10,13,wind,103.0
2023-11-10,14,wind,54.0
2023-11-10,15,wind,55.0
2023-11-10,16,wind,22.0
2023-11-11,11,wind,68.0
2023-11-11,12,wind,102.0
2023-11-11,13,wind,86.0
2023-11-11,14,wind,60.0
2023-11-11,15,wind,2.0
2023-11-15,12,wind,1.0
2023-11-15,13,wind,5.0
2023-11-20,12,wind,2.0
2023-11-20,13,wind,6.0
2023-11-20,14,wind,3.0
2023-12-06,13,wind,8.0
2023-12-06,14,wind,3.0
2023-12-08,13,wind,9.0
2023-12-08,14,wind,32.0
2023-12-08,15,wind,5.0
2024-01-06,12,wind,1.0
2024-01-06,13,wind,21.0
2024-01-06,14,wind,34.0
2024-01-06,15,wind,8.0
2024-01-10,13,wind,25.0
2024-01-10,14,wind,42.0
2024-01-10,15,wind,5.0
2024-01-14,12,wind,15.0
2024-01-14,13,wind,39.0
2024-01-14,14,wind,32.0
2024-01-15,11,wind,8.0
2024-01-15,12,wind,76.0
2024-01-15,13,wind,132.0
2024-01-15,14,wind,97.0
2024-01-15,15,wind,60.0
2024-01-15,16,wind,6.0
2024-01-17,14,wind,10.0
2024-01-17,15,wind,8.0
2024-01-27,13,wind,6.0
2024-01-27,14,wind,16.0
2024-01-28,13,wind,44.0
2024-01-28,14,wind,70.0
2024-01-28,15,wind,58.0
2024-01-28,16,wind,2.0
2024-02-13,14,wind,30.0
2024-02-13,15,wind,1.0
2024-02-17,12,wind,2.0
2024-02-17,12,solar,0.0
2024-02-17,13,wind,6.0
2024-02-17,13,solar,0.0
2024-02-17,14,wind,12.0
2024-02-17,14,solar,0.0
2024-02-17,15,wind,6.0
2024-02-26,14,wind,1.0
2024-03-07,12,wind,55.0
2024-03-07,13,wind,61.0
2024-03-07,14,wind,9.0
2024-03-07,15,wind,79.0
2024-03-07,16,wind,42.0
2024-03-08,12,wind,8.0
2024-03-08,13,wind,57.0
2024-03-08,14,wind,82.0
2024-03-08,15,wind,96.0
2024-03-08,16,wind,39.0
2024-03-09,12,wind,46.0
2024-03-09,13,wind,119.0
2024-03-09,13,solar,0.0
2024-03-09,14,wind,117.0
2024-03-09,14,solar,0.0
2024-03-09,15,wind,70.0
2024-03-09,15,solar,0.0
2024-03-09,16,wind,3.0
2024-03-10,12,wind,14.0
2024-03-10,12,solar,0.0
2024-03-10,13,wind,15.0
2024-03-10,13,solar,0.0
2024-03-10,14,wind,15.0
2024-03-10,14,solar,0.0
2024-03-10,15,wind,11.0
2024-03-10,15,solar,0.0
2024-03-13,13,wind,11.0
2024-03-13,14,wind,8.0
2024-03-16,12,wind,4.0
2024-03-16,13,wind,5.0
2024-03-17,11,wind,1.0
2024-03-17,13,wind,1.0
2024-03-17,14,wind,15.0
2024-03-17,15,wind,17.0
2024-03-18,13,wind,5.0
2024-03-18,14,wind,2.0
2024-03-19,12,wind,23.0
2024-03-19,13,wind,92.0
2024-03-19,14,wind,109.0
2024-03-19,15,wind,85.0
2024-03-19,16,wind,16.0
2024-03-20,11,wind,9.0
2024-03-20,12,wind,99.0
2024-03-20,13,wind,178.0
2024-03-20,14,wind,188.0
2024-03-20,15,wind,135.0
2024-03-20,16,wind,68.0
2024-03-20,17,wind,5.0
2024-03-21,12,wind,9.0
2024-03-21,13,wind,35.0
2024-03-21,14,wind,32.0
2024-03-21,15,wind,15.0
2024-03-22,10,wind,8.0
2024-03-22,11,wind,78.0
2024-03-22,12,wind,173.0
2024-03-22,13,wind,202.0
2024-03-22,14,wind,109.0
2024-03-22,15,wind,2.0
2024-03-23,12,solar,0.0
2024-03-23,13,solar,0.0
2024-03-23,14,solar,0.0
2024-03-23,15,solar,0.0
2024-03-26,15,wind,2.0
2024-03-26,16,wind,11.0
2024-03-26,17,wind,8.0
2024-03-29,10,wind,4.0
2024-03-29,11,wind,74.0
2024-03-29,12,wind,126.0
2024-03-29,13,wind,136.0
2024-03-29,14,wind,139.0
2024-03-29,15,wind,94.0
2024-03-29,16,wind,29.0
2024-03-30,10,wind,33.0
2024-03-30,11,wind,107.0
2024-03-30,12,wind,140.0
2024-03-30,12,solar,0.0
2024-03-30,13,wind,143.0
2024-03-30,13,solar,0.0
2024-03-30,14,wind,146.0
2024-03-30,14,solar,0.0
2024-03-30,15,wind,144.0
2024-03-30,15,solar,0.0
2024-03-30,16,wind,100.0
2024-03-30,16,solar,0.0
2024-03-30,17,wind,13.0
2024-04-01,11,solar,0.0
2024-04-01,12,wind,1.0
2024-04-01,12,solar,0.0
2024-04-01,13,wind,1.0
2024-04-01,13,solar,0.0
2024-04-01,14,solar,0.0
2024-04-01,15,solar,0.0
2024-04-07,10,wind,1.0
2024-04-07,10,solar,0.0
2024-04-07,11,wind,3.0
2024-04-07,11,solar,0.0
2024-04-07,12,wind,6.0
2024-04-07,12,solar,0.0
2024-04-07,13,wind,6.0
2024-04-07,13,solar,0.0
2024-04-07,14,wind,6.0
2024-04-07,14,solar,0.0
2024-04-07,15,wind,5.0
2024-04-07,15,solar,0.0
2024-04-10,12,wind,7.0
2024-04-10,13,wind,15.0
2024-04-10,13,solar,0.0
2024-04-10,14,wind,21.0
2024-04-10,14,solar,0.0
2024-04-10,15,wind,7.0
2024-04-14,11,wind,9.0
2024-04-14,12,wind,12.0
2024-04-14,13,wind,1.0
2024-04-16,12,wind,1.0
2024-04-16,13,wind,3.0
2024-04-16,13,solar,0.0
2024-04-16,14,wind,3.0
2024-04-16,14,solar,0.0
2024-04-16,15,wind,2.0
2024-04-16,15,solar,0.0
2024-04-18,9,wind,4.0
2024-04-18,10,wind,1.0
2024-04-18,11,wind,42.0
2024-04-18,12,wind,62.0
2024-04-18,12,solar,0.0
2024-04-18,13,wind,70.0
2024-04-18,13,solar,0.0
2024-04-18,14,wind,70.0
2024-04-18,14,solar,0.0
2024-04-18,15,wind,52.0
2024-04-18,16,wind,7.0
2024-04-24,10,wind,1.0
2024-04-24,11,wind,68.0
2024-04-24,12,wind,109.0
2024-04-24,12,solar,0.0
2024-04-24,13,wind,113.0
2024-04-24,13,solar,0.0
2024-04-24,14,wind,43.0
2024-04-25,13,wind,1.0
2024-04-25,13,solar,0.0
2024-04-25,14,wind,2.0
2024-04-25,14,solar,0.0
2024-04-27,11,wind,6.0
2024-04-27,11,solar,0.0
2024-04-27,12,wind,11.0
2024-04-27,12,solar,0.0
2024-04-27,13,wind,11.0
2024-04-27,13,solar,0.0
2024-04-27,14,wind,11.0
2024-04-27,14,solar,0.0
2024-04-27,15,wind,12.0
2024-04-27,15,solar,0.0
2024-05-02,11,wind,14.0
2024-05-02,12,wind,46.0
2024-05-02,12,solar,0.0
2024-05-02,13,wind,47.0
2024-05-02,13,solar,0.0
2024-05-02,14,wind,47.0
2024-05-02,14,solar,0.0
2024-05-02,15,wind,10.0
2024-05-03,11,wind,2.0
2024-05-03,12,wind,26.0
2024-05-03,12,solar,0.0
2024-05-03,13,wind,26.0
2024-05-03,13,solar,0.0
2024-05-03,14,wind,9.0
2024-05-03,14,solar,0.0
2024-05-07,10,wind,58.0
2024-05-07,11,wind,141.0
2024-05-07,12,wind,170.0
2024-05-07,12,solar,0.0
2024-05-07,13,wind,170.0
2024-05-07,13,solar,0.0
2024-05-07,14,wind,154.0
2024-05-07,14,solar,0.0
2024-05-07,15,wind,83.0
2024-05-07,16,wind,23.0
2024-05-09,12,wind,1.0
2024-05-09,12,solar,0.0
2024-05-09,13,wind,2.0
2024-05-09,13,solar,0.0
2024-05-09,14,wind,5.0
2024-05-09,14,solar,0.0
2024-05-09,15,wind,1.0
2024-05-09,15,solar,0.0
2024-05-10,11,wind,3.0
2024-05-10,12,wind,17.0
2024-05-10,12,solar,0.0
2024-05-10,13,wind,35.0
2024-05-10,13,solar,0.0
2024-05-10,14,wind,32.0
2024-05-10,14,solar,0.0
2024-05-10,15,wind,16.0
2024-05-10,15,solar,0.0
2024-05-10,16,wind,1.0
2024-05-11,11,wind,9.0
2024-05-11,12,wind,5.0
2024-05-11,13,wind,23.0
2024-05-13,11,wind,2.0
2024-05-13,12,wind,20.0
2024-05-13,12,solar,0.0
2024-05-13,13,wind,16.0
2024-05-13,13,solar,0.0
2024-05-13,14,wind,15.0
2024-05-13,14,solar,0.0
2024-05-13,15,wind,15.0
2024-05-13,15,solar,0.0
2024-05-14,12,solar,0.0
2024-05-14,13,solar,0.0
2024-05-14,14,solar,0.0
2024-05-14,15,solar,0.0
2024-05-15,11,wind,24.0
2024-05-15,11,solar,0.0
2024-05-15,12,wind,29.0
2024-05-15,12,solar,0.0
2024-05-15,13,wind,47.0
2024-05-15,13,solar,0.0
2024-05-15,14,wind,63.0
2024-05-15,14,solar,0.0
2024-05-15,15,wind,59.0
2024-05-15,15,solar,0.0
2024-05-16,9,wind,3.0
2024-05-16,10,wind,57.0
2024-05-16,11,wind,114.0
2024-05-16,12,wind,153.0
2024-05-16,12,solar,0.0
2024-05-16,13,wind,154.0
2024-05-16,13,solar,0.0
2024-05-16,14,wind,154.0
2024-05-16,14,solar,0.0
2024-05-16,15,wind,136.0
2024-05-16,16,wind,57.0
2024-05-17,10,wind,50.0
2024-05-17,10,solar,0.0
2024-05-17,11,wind,83.0
2024-05-17,11,solar,0.0
2024-05-17,12,wind,79.0
2024-05-17,12,solar,0.0
2024-05-17,13,wind,87.0
2024-05-17,13,solar,0.0
2024-05-17,14,wind,92.0
2024-05-17,14,solar,0.0
2024-05-17,15,wind,87.0
2024-05-17,15,solar,0.0
2024-05-17,16,wind,17.0
2024-05-18,11,wind,6.0
2024-05-18,11,solar,0.0
2024-05-18,12,wind,18.0
2024-05-18,12,solar,0.0
2024-05-18,13,wind,25.0
2024-05-18,13,solar,0.0
2024-05-18,14,wind,25.0
2024-05-18,14,solar,0.0
2024-05-18,15,wind,17.0
2024-05-18,15,solar,0.0
2024-05-18,16,wind,3.0
2024-05-18,16,solar,0.0
2024-05-19,11,solar,0.0
2024-05-19,12,wind,3.0
2024-05-19,12,solar,0.0
2024-05-19,13,wind,8.0
2024-05-19,13,solar,0.0
2024-05-19,14,wind,8.0
2024-05-19,14,solar,0.0
2024-05-19,15,wind,5.0
2024-05-19,15,solar,0.0
2024-05-19,16,solar,0.0
2024-05-24,12,wind,10.0
2024-05-24,13,wind,37.0
2024-05-24,13,solar,0.0
2024-05-24,14,wind,35.0
2024-05-24,14,solar,0.0
2024-05-24,15,wind,4.0
2024-05-25,12,wind,10.0
2024-05-25,12,solar,0.0
2024-05-25,13,wind,19.0
2024-05-25,13,solar,0.0
2024-05-25,14,wind,19.0
2024-05-25,14,solar,0.0
2024-05-25,15,wind,17.0
2024-05-25,15,solar,0.0
2024-05-27,12,wind,10.0
2024-05-28,10,wind,14.0
2024-05-28,11,wind,68.0
2024-05-28,12,wind,113.0
2024-05-28,12,solar,0.0
2024-05-28,13,wind,123.0
2024-05-28,13,solar,0.0
2024-05-28,14,wind,123.0
2024-05-28,14,solar,0.0
2024-05-28,15,wind,46.0
2024-05-28,15,solar,0.0
2024-05-28,16,wind,2.0
2024-05-30,12,wind,3.0
2024-05-30,12,solar,0.0
2024-05-30,13,wind,8.0
2024-05-30,13,solar,0.0
2024-06-01,13,solar,0.0
2024-06-01,14,solar,0.0
2024-06-01,15,solar,0.0
2024-06-02,12,solar,0.0
2024-06-02,13,solar,0.0
2024-06-02,14,solar,0.0
2024-06-03,12,solar,0.0
2024-06-03,13,solar,0.0
